teixit,volta,tipus,context,p,surprisal_bits,context_seen,is_zero_prob_raw
ND_Isabelet,1,V0,<BOS>,0.57446809,0.7997,1,0
ND_Isabelet,3,V0,V0,0.93705965,0.0938,1,0
ND_Isabelet,5,V0,V0,0.93705965,0.0938,1,0
ND_Isabelet,7,V0,V0,0.93705965,0.0938,1,0
ND_Isabelet,9,V0,V0,0.93705965,0.0938,1,0
ND_Isabelet,11,V0,V0,0.93705965,0.0938,1,0
ND_Isabelet,13,V0,V0,0.93705965,0.0938,1,0
ND_Isabelet,15,V0,V0,0.93705965,0.0938,1,0
ND_Isabelet,17,V0,V0,0.93705965,0.0938,1,0
ND_Isabelet,19,V1,V0,0.0465007,4.4266,1,0
ND_Isabelet,21,V0,V1,0.22912206,2.1258,1,0
ND_Isabelet,25,V0,V0,0.93705965,0.0938,1,0
ND_Isabelet,29,V0,V0,0.93705965,0.0938,1,0
ND_Isabelet,33,V0,V0,0.93705965,0.0938,1,0
ND_Isabelet,23,V0,V0,0.93705965,0.0938,1,0
ND_Isabelet,27,V0,V0,0.93705965,0.0938,1,0
ND_Isabelet,31,V0,V0,0.93705965,0.0938,1,0
ND_Isabelet,35,V0,V0,0.93705965,0.0938,1,0
ND_Isabelet,37,V0,V0,0.93705965,0.0938,1,0
ND_Isabelet,39,V0,V0,0.93705965,0.0938,1,0
ND_Isabelet,41,V0,V0,0.93705965,0.0938,1,0
ND_Isabelet,43,V0,V0,0.93705965,0.0938,1,0
ND_Isabelet,45,V0,V0,0.93705965,0.0938,1,0
ND_Isabelet,47,V0,V0,0.93705965,0.0938,1,0
ND_Isabelet,49,V0,V0,0.93705965,0.0938,1,0
ND_Isabelet,51,V0,V0,0.93705965,0.0938,1,0
ND_Isabelet,53,V0,V0,0.93705965,0.0938,1,0
ND_Isabelet,55,V0,V0,0.93705965,0.0938,1,0
ND_Isabelet,57,V0,V0,0.93705965,0.0938,1,0
ND_Isabelet,59,V0,V0,0.93705965,0.0938,1,0
ND_Isabelet,61,V0,V0,0.93705965,0.0938,1,0
ND_Isabelet,63,V1,V0,0.0465007,4.4266,1,0
ND_Isabelet,65,V0,V1,0.22912206,2.1258,1,0
ND_Isabelet,67,V0,V0,0.93705965,0.0938,1,0
ND_Isabelet,69,V0,V0,0.93705965,0.0938,1,0
ND_Isabelet,71,V0,V0,0.93705965,0.0938,1,0
ND_Isabelet,73,V0,V0,0.93705965,0.0938,1,0
ND_Isabelet,75,V0,V0,0.93705965,0.0938,1,0
ND_Isabelet,77,V0,V0,0.93705965,0.0938,1,0
ND_Isabelet,79,V0,V0,0.93705965,0.0938,1,0
ND_Isabelet,81,V0,V0,0.93705965,0.0938,1,0
ND_Isabelet,83,V0,V0,0.93705965,0.0938,1,0
ND_Isabelet,85,V0,V0,0.93705965,0.0938,1,0
ND_Isabelet,87,V1,V0,0.0465007,4.4266,1,0
ND_Isabelet,89,V0,V1,0.22912206,2.1258,1,0
ND_Isabelet,91,V0,V0,0.93705965,0.0938,1,0
ND_Isabelet,93,V0,V0,0.93705965,0.0938,1,0
ND_Isabelet,95,V0,V0,0.93705965,0.0938,1,0
ND_Isabelet,97,V0,V0,0.93705965,0.0938,1,0
ND_Isabelet,99,V0,V0,0.93705965,0.0938,1,0
ND_Isabelet,101,V0,V0,0.93705965,0.0938,1,0
ND_Isabelet,103,V0,V0,0.93705965,0.0938,1,0
ND_Isabelet,105,V0,V0,0.93705965,0.0938,1,0
ND_Isabelet,107,V0,V0,0.93705965,0.0938,1,0
ND_Isabelet,109,V0,V0,0.93705965,0.0938,1,0
ND_Isabelet,111,V0,V0,0.93705965,0.0938,1,0
ND_Isabelet,113,V0,V0,0.93705965,0.0938,1,0
ND_Isabelet,115,V0,V0,0.93705965,0.0938,1,0
ND_Isabelet,117,V0,V0,0.93705965,0.0938,1,0
ND_Isabelet,119,V0,V0,0.93705965,0.0938,1,0
ND_Isabelet,121,V0,V0,0.93705965,0.0938,1,0
ND_Isabelet,123,V0,V0,0.93705965,0.0938,1,0
ND_Isabelet,125,V0,V0,0.93705965,0.0938,1,0
ND_Isabelet,127,V0,V0,0.93705965,0.0938,1,0
ND_Isabelet,129,V0,V0,0.93705965,0.0938,1,0
ND_Isabelet,131,V0,V0,0.93705965,0.0938,1,0
ND_Isabelet,133,V0,V0,0.93705965,0.0938,1,0
ND_Isabelet,135,V0,V0,0.93705965,0.0938,1,0
ND_Isabelet,137,V0,V0,0.93705965,0.0938,1,0
ND_Isabelet,139,V0,V0,0.93705965,0.0938,1,0
ND_Isabelet,141,V0,V0,0.93705965,0.0938,1,0
ND_Isabelet,143,V0,V0,0.93705965,0.0938,1,0
ND_Isabelet,145,V0,V0,0.93705965,0.0938,1,0
ND_Isabelet,147,V0,V0,0.93705965,0.0938,1,0
ND_Isabelet,149,V0,V0,0.93705965,0.0938,1,0
ND_Isabelet,151,V0,V0,0.93705965,0.0938,1,0
ND_Isabelet,153,V0,V0,0.93705965,0.0938,1,0
ND_Isabelet,155,V0,V0,0.93705965,0.0938,1,0
ND_Isabelet,157,V0,V0,0.93705965,0.0938,1,0
ND_Isabelet,159,V0,V0,0.93705965,0.0938,1,0
ND_Isabelet,161,V0,V0,0.93705965,0.0938,1,0
ND_Isabelet,163,V0,V0,0.93705965,0.0938,1,0
ND_Isabelet,165,V0,V0,0.93705965,0.0938,1,0
ND_Isabelet,167,V0,V0,0.93705965,0.0938,1,0
ND_Isabelet,169,V0,V0,0.93705965,0.0938,1,0
ND_Isabelet,171,V0,V0,0.93705965,0.0938,1,0
ND_Isabelet,173,V0,V0,0.93705965,0.0938,1,0
ND_Isabelet,175,V0,V0,0.93705965,0.0938,1,0
ND_Isabelet,177,V0,V0,0.93705965,0.0938,1,0
ND_Isabelet,179,V0,V0,0.93705965,0.0938,1,0
ND_Isabelet,181,V0,V0,0.93705965,0.0938,1,0
ND_Isabelet,183,V0,V0,0.93705965,0.0938,1,0
ND_Isabelet,185,V0,V0,0.93705965,0.0938,1,0
ND_Isabelet,187,V0,V0,0.93705965,0.0938,1,0
ND_Isabelet,189,V0,V0,0.93705965,0.0938,1,0
ND_Isabelet,191,V0,V0,0.93705965,0.0938,1,0
ND_Isabelet,193,V0,V0,0.93705965,0.0938,1,0
ND_Isabelet,195,V0,V0,0.93705965,0.0938,1,0
ND_Isabelet,,<EOS>,V0,0.01643964,5.9267,1,0
ND_Rosario,1,V0,<BOS>,0.57446809,0.7997,1,0
ND_Rosario,3,V0,V0,0.93705965,0.0938,1,0
ND_Rosario,5,V0,V0,0.93705965,0.0938,1,0
ND_Rosario,7,V0,V0,0.93705965,0.0938,1,0
ND_Rosario,9,V0,V0,0.93705965,0.0938,1,0
ND_Rosario,11,V0,V0,0.93705965,0.0938,1,0
ND_Rosario,13,V0,V0,0.93705965,0.0938,1,0
ND_Rosario,15,V1,V0,0.0465007,4.4266,1,0
ND_Rosario,17,V1,V1,0.74732334,0.4202,1,0
ND_Rosario,19,V1,V1,0.74732334,0.4202,1,0
ND_Rosario,21,V1,V1,0.74732334,0.4202,1,0
ND_Rosario,23,V1,V1,0.74732334,0.4202,1,0
ND_Rosario,25,V1,V1,0.74732334,0.4202,1,0
ND_Rosario,27,V1,V1,0.74732334,0.4202,1,0
ND_Rosario,29,V1,V1,0.74732334,0.4202,1,0
ND_Rosario,31,V0,V1,0.22912206,2.1258,1,0
ND_Rosario,33,V1,V0,0.0465007,4.4266,1,0
ND_Rosario,35,V1,V1,0.74732334,0.4202,1,0
ND_Rosario,37,V1,V1,0.74732334,0.4202,1,0
ND_Rosario,39,V1,V1,0.74732334,0.4202,1,0
ND_Rosario,41,V1,V1,0.74732334,0.4202,1,0
ND_Rosario,43,V1,V1,0.74732334,0.4202,1,0
ND_Rosario,45,V0,V1,0.22912206,2.1258,1,0
ND_Rosario,47,V1,V0,0.0465007,4.4266,1,0
ND_Rosario,49,V0,V1,0.22912206,2.1258,1,0
ND_Rosario,51,V0,V0,0.93705965,0.0938,1,0
ND_Rosario,53,V0,V0,0.93705965,0.0938,1,0
ND_Rosario,55,V0,V0,0.93705965,0.0938,1,0
ND_Rosario,57,V0,V0,0.93705965,0.0938,1,0
ND_Rosario,59,V0,V0,0.93705965,0.0938,1,0
ND_Rosario,61,V0,V0,0.93705965,0.0938,1,0
ND_Rosario,63,V1,V0,0.0465007,4.4266,1,0
ND_Rosario,65,V1,V1,0.74732334,0.4202,1,0
ND_Rosario,67,V1,V1,0.74732334,0.4202,1,0
ND_Rosario,69,V1,V1,0.74732334,0.4202,1,0
ND_Rosario,71,V1,V1,0.74732334,0.4202,1,0
ND_Rosario,73,V1,V1,0.74732334,0.4202,1,0
ND_Rosario,75,V1,V1,0.74732334,0.4202,1,0
ND_Rosario,77,V1,V1,0.74732334,0.4202,1,0
ND_Rosario,79,V1,V1,0.74732334,0.4202,1,0
ND_Rosario,81,V1,V1,0.74732334,0.4202,1,0
ND_Rosario,83,V1,V1,0.74732334,0.4202,1,0
ND_Rosario,85,V1,V1,0.74732334,0.4202,1,0
ND_Rosario,87,V1,V1,0.74732334,0.4202,1,0
ND_Rosario,89,V1,V1,0.74732334,0.4202,1,0
ND_Rosario,91,V1,V1,0.74732334,0.4202,1,0
ND_Rosario,93,V1,V1,0.74732334,0.4202,1,0
ND_Rosario,95,V1,V1,0.74732334,0.4202,1,0
ND_Rosario,97,V1,V1,0.74732334,0.4202,1,0
ND_Rosario,99,V1,V1,0.74732334,0.4202,1,0
ND_Rosario,101,V0,V1,0.22912206,2.1258,1,0
ND_Rosario,103,V1,V0,0.0465007,4.4266,1,0
ND_Rosario,105,V1,V1,0.74732334,0.4202,1,0
ND_Rosario,107,V1,V1,0.74732334,0.4202,1,0
ND_Rosario,109,V1,V1,0.74732334,0.4202,1,0
ND_Rosario,111,V1,V1,0.74732334,0.4202,1,0
ND_Rosario,113,V1,V1,0.74732334,0.4202,1,0
ND_Rosario,115,V0,V1,0.22912206,2.1258,1,0
ND_Rosario,117,V1,V0,0.0465007,4.4266,1,0
ND_Rosario,119,V1,V1,0.74732334,0.4202,1,0
ND_Rosario,121,V1,V1,0.74732334,0.4202,1,0
ND_Rosario,123,V1,V1,0.74732334,0.4202,1,0
ND_Rosario,125,V1,V1,0.74732334,0.4202,1,0
ND_Rosario,127,V1,V1,0.74732334,0.4202,1,0
ND_Rosario,129,V1,V1,0.74732334,0.4202,1,0
ND_Rosario,131,V1,V1,0.74732334,0.4202,1,0
ND_Rosario,133,V1,V1,0.74732334,0.4202,1,0
ND_Rosario,135,V1,V1,0.74732334,0.4202,1,0
ND_Rosario,137,V1,V1,0.74732334,0.4202,1,0
ND_Rosario,139,V1,V1,0.74732334,0.4202,1,0
ND_Rosario,141,V1,V1,0.74732334,0.4202,1,0
ND_Rosario,143,V1,V1,0.74732334,0.4202,1,0
ND_Rosario,145,V1,V1,0.74732334,0.4202,1,0
ND_Rosario,147,V1,V1,0.74732334,0.4202,1,0
ND_Rosario,149,V1,V1,0.74732334,0.4202,1,0
ND_Rosario,151,V1,V1,0.74732334,0.4202,1,0
ND_Rosario,153,V1,V1,0.74732334,0.4202,1,0
ND_Rosario,155,V1,V1,0.74732334,0.4202,1,0
ND_Rosario,157,V1,V1,0.74732334,0.4202,1,0
ND_Rosario,159,V1,V1,0.74732334,0.4202,1,0
ND_Rosario,161,V1,V1,0.74732334,0.4202,1,0
ND_Rosario,163,V1,V1,0.74732334,0.4202,1,0
ND_Rosario,165,V1,V1,0.74732334,0.4202,1,0
ND_Rosario,167,V1,V1,0.74732334,0.4202,1,0
ND_Rosario,169,V1,V1,0.74732334,0.4202,1,0
ND_Rosario,171,V1,V1,0.74732334,0.4202,1,0
ND_Rosario,173,V1,V1,0.74732334,0.4202,1,0
ND_Rosario,175,V1,V1,0.74732334,0.4202,1,0
ND_Rosario,177,V1,V1,0.74732334,0.4202,1,0
ND_Rosario,179,V1,V1,0.74732334,0.4202,1,0
ND_Rosario,181,V1,V1,0.74732334,0.4202,1,0
ND_Rosario,183,V1,V1,0.74732334,0.4202,1,0
ND_Rosario,185,V1,V1,0.74732334,0.4202,1,0
ND_Rosario,187,V1,V1,0.74732334,0.4202,1,0
ND_Rosario,189,V1,V1,0.74732334,0.4202,1,0
ND_Rosario,191,V1,V1,0.74732334,0.4202,1,0
ND_Rosario,193,V1,V1,0.74732334,0.4202,1,0
ND_Rosario,195,V1,V1,0.74732334,0.4202,1,0
ND_Rosario,197,V1,V1,0.74732334,0.4202,1,0
ND_Rosario,199,V1,V1,0.74732334,0.4202,1,0
ND_Rosario,201,V1,V1,0.74732334,0.4202,1,0
ND_Rosario,203,V1,V1,0.74732334,0.4202,1,0
ND_Rosario,205,V1,V1,0.74732334,0.4202,1,0
ND_Rosario,207,V1,V1,0.74732334,0.4202,1,0
ND_Rosario,209,V1,V1,0.74732334,0.4202,1,0
ND_Rosario,211,V1,V1,0.74732334,0.4202,1,0
ND_Rosario,213,V1,V1,0.74732334,0.4202,1,0
ND_Rosario,,<EOS>,V1,0.0235546,5.4078,1,0
ND_Demetri grande,1,V0,<BOS>,0.57446809,0.7997,1,0
ND_Demetri grande,3,V1,V0,0.0465007,4.4266,1,0
ND_Demetri grande,5,V0,V1,0.22912206,2.1258,1,0
ND_Demetri grande,7,V0,V0,0.93705965,0.0938,1,0
ND_Demetri grande,9,V0,V0,0.93705965,0.0938,1,0
ND_Demetri grande,11,V0,V0,0.93705965,0.0938,1,0
ND_Demetri grande,13,V0,V0,0.93705965,0.0938,1,0
ND_Demetri grande,15,V0,V0,0.93705965,0.0938,1,0
ND_Demetri grande,17,V0,V0,0.93705965,0.0938,1,0
ND_Demetri grande,19,V0,V0,0.93705965,0.0938,1,0
ND_Demetri grande,21,V0,V0,0.93705965,0.0938,1,0
ND_Demetri grande,23,V0,V0,0.93705965,0.0938,1,0
ND_Demetri grande,25,V0,V0,0.93705965,0.0938,1,0
ND_Demetri grande,27,V0,V0,0.93705965,0.0938,1,0
ND_Demetri grande,29,V0,V0,0.93705965,0.0938,1,0
ND_Demetri grande,31,V0,V0,0.93705965,0.0938,1,0
ND_Demetri grande,33,V0,V0,0.93705965,0.0938,1,0
ND_Demetri grande,35,V0,V0,0.93705965,0.0938,1,0
ND_Demetri grande,37,V0,V0,0.93705965,0.0938,1,0
ND_Demetri grande,39,V0,V0,0.93705965,0.0938,1,0
ND_Demetri grande,41,V0,V0,0.93705965,0.0938,1,0
ND_Demetri grande,43,V0,V0,0.93705965,0.0938,1,0
ND_Demetri grande,45,V0,V0,0.93705965,0.0938,1,0
ND_Demetri grande,47,V0,V0,0.93705965,0.0938,1,0
ND_Demetri grande,49,V0,V0,0.93705965,0.0938,1,0
ND_Demetri grande,51,V0,V0,0.93705965,0.0938,1,0
ND_Demetri grande,53,V1,V0,0.0465007,4.4266,1,0
ND_Demetri grande,55,V0,V1,0.22912206,2.1258,1,0
ND_Demetri grande,57,V0,V0,0.93705965,0.0938,1,0
ND_Demetri grande,59,V0,V0,0.93705965,0.0938,1,0
ND_Demetri grande,61,V0,V0,0.93705965,0.0938,1,0
ND_Demetri grande,63,V0,V0,0.93705965,0.0938,1,0
ND_Demetri grande,65,V0,V0,0.93705965,0.0938,1,0
ND_Demetri grande,67,V0,V0,0.93705965,0.0938,1,0
ND_Demetri grande,69,V0,V0,0.93705965,0.0938,1,0
ND_Demetri grande,71,V0,V0,0.93705965,0.0938,1,0
ND_Demetri grande,73,V0,V0,0.93705965,0.0938,1,0
ND_Demetri grande,75,V0,V0,0.93705965,0.0938,1,0
ND_Demetri grande,77,V0,V0,0.93705965,0.0938,1,0
ND_Demetri grande,79,V0,V0,0.93705965,0.0938,1,0
ND_Demetri grande,81,V0,V0,0.93705965,0.0938,1,0
ND_Demetri grande,83,V0,V0,0.93705965,0.0938,1,0
ND_Demetri grande,85,V0,V0,0.93705965,0.0938,1,0
ND_Demetri grande,87,V0,V0,0.93705965,0.0938,1,0
ND_Demetri grande,89,V0,V0,0.93705965,0.0938,1,0
ND_Demetri grande,91,V0,V0,0.93705965,0.0938,1,0
ND_Demetri grande,93,V0,V0,0.93705965,0.0938,1,0
ND_Demetri grande,95,V0,V0,0.93705965,0.0938,1,0
ND_Demetri grande,97,V0,V0,0.93705965,0.0938,1,0
ND_Demetri grande,,<EOS>,V0,0.01643964,5.9267,1,0
ND_Anelise,1,V0,<BOS>,0.57446809,0.7997,1,0
ND_Anelise,3,V1,V0,0.0465007,4.4266,1,0
ND_Anelise,9,V0,V1,0.22912206,2.1258,1,0
ND_Anelise,11,V0,V0,0.93705965,0.0938,1,0
ND_Anelise,13,V0,V0,0.93705965,0.0938,1,0
ND_Anelise,15,V0,V0,0.93705965,0.0938,1,0
ND_Anelise,17,V0,V0,0.93705965,0.0938,1,0
ND_Anelise,19,V0,V0,0.93705965,0.0938,1,0
ND_Anelise,21,V0,V0,0.93705965,0.0938,1,0
ND_Anelise,23,V0,V0,0.93705965,0.0938,1,0
ND_Anelise,25,V0,V0,0.93705965,0.0938,1,0
ND_Anelise,27,V0,V0,0.93705965,0.0938,1,0
ND_Anelise,29,V0,V0,0.93705965,0.0938,1,0
ND_Anelise,31,V0,V0,0.93705965,0.0938,1,0
ND_Anelise,33,V0,V0,0.93705965,0.0938,1,0
ND_Anelise,35,V0,V0,0.93705965,0.0938,1,0
ND_Anelise,37,V0,V0,0.93705965,0.0938,1,0
ND_Anelise,39,V0,V0,0.93705965,0.0938,1,0
ND_Anelise,41,V0,V0,0.93705965,0.0938,1,0
ND_Anelise,43,V0,V0,0.93705965,0.0938,1,0
ND_Anelise,45,V0,V0,0.93705965,0.0938,1,0
ND_Anelise,47,V0,V0,0.93705965,0.0938,1,0
ND_Anelise,49,V0,V0,0.93705965,0.0938,1,0
ND_Anelise,51,V0,V0,0.93705965,0.0938,1,0
ND_Anelise,53,V0,V0,0.93705965,0.0938,1,0
ND_Anelise,55,V0,V0,0.93705965,0.0938,1,0
ND_Anelise,57,V0,V0,0.93705965,0.0938,1,0
ND_Anelise,59,V0,V0,0.93705965,0.0938,1,0
ND_Anelise,61,V0,V0,0.93705965,0.0938,1,0
ND_Anelise,63,V0,V0,0.93705965,0.0938,1,0
ND_Anelise,65,V0,V0,0.93705965,0.0938,1,0
ND_Anelise,67,V0,V0,0.93705965,0.0938,1,0
ND_Anelise,69,V0,V0,0.93705965,0.0938,1,0
ND_Anelise,71,V0,V0,0.93705965,0.0938,1,0
ND_Anelise,73,V0,V0,0.93705965,0.0938,1,0
ND_Anelise,75,V0,V0,0.93705965,0.0938,1,0
ND_Anelise,77,V0,V0,0.93705965,0.0938,1,0
ND_Anelise,79,V0,V0,0.93705965,0.0938,1,0
ND_Anelise,81,V0,V0,0.93705965,0.0938,1,0
ND_Anelise,83,V0,V0,0.93705965,0.0938,1,0
ND_Anelise,85,V0,V0,0.93705965,0.0938,1,0
ND_Anelise,87,V0,V0,0.93705965,0.0938,1,0
ND_Anelise,89,V0,V0,0.93705965,0.0938,1,0
ND_Anelise,91,V0,V0,0.93705965,0.0938,1,0
ND_Anelise,93,V0,V0,0.93705965,0.0938,1,0
ND_Anelise,95,V0,V0,0.93705965,0.0938,1,0
ND_Anelise,97,V0,V0,0.93705965,0.0938,1,0
ND_Anelise,99,V0,V0,0.93705965,0.0938,1,0
ND_Anelise,101,V0,V0,0.93705965,0.0938,1,0
ND_Anelise,103,V0,V0,0.93705965,0.0938,1,0
ND_Anelise,105,V0,V0,0.93705965,0.0938,1,0
ND_Anelise,107,V0,V0,0.93705965,0.0938,1,0
ND_Anelise,109,V0,V0,0.93705965,0.0938,1,0
ND_Anelise,111,V0,V0,0.93705965,0.0938,1,0
ND_Anelise,113,V0,V0,0.93705965,0.0938,1,0
ND_Anelise,115,V0,V0,0.93705965,0.0938,1,0
ND_Anelise,117,V0,V0,0.93705965,0.0938,1,0
ND_Anelise,119,V0,V0,0.93705965,0.0938,1,0
ND_Anelise,121,V0,V0,0.93705965,0.0938,1,0
ND_Anelise,123,V0,V0,0.93705965,0.0938,1,0
ND_Anelise,125,V0,V0,0.93705965,0.0938,1,0
ND_Anelise,127,V0,V0,0.93705965,0.0938,1,0
ND_Anelise,129,V0,V0,0.93705965,0.0938,1,0
ND_Anelise,131,V0,V0,0.93705965,0.0938,1,0
ND_Anelise,133,V0,V0,0.93705965,0.0938,1,0
ND_Anelise,,<EOS>,V0,0.01643964,5.9267,1,0
ND_Aurea,1,V0,<BOS>,0.57446809,0.7997,1,0
ND_Aurea,3,V0,V0,0.93705965,0.0938,1,0
ND_Aurea,5,V0,V0,0.93705965,0.0938,1,0
ND_Aurea,7,V0,V0,0.93705965,0.0938,1,0
ND_Aurea,9,V0,V0,0.93705965,0.0938,1,0
ND_Aurea,11,V0,V0,0.93705965,0.0938,1,0
ND_Aurea,13,V0,V0,0.93705965,0.0938,1,0
ND_Aurea,15,V0,V0,0.93705965,0.0938,1,0
ND_Aurea,17,V0,V0,0.93705965,0.0938,1,0
ND_Aurea,19,V0,V0,0.93705965,0.0938,1,0
ND_Aurea,21,V0,V0,0.93705965,0.0938,1,0
ND_Aurea,23,V0,V0,0.93705965,0.0938,1,0
ND_Aurea,25,V0,V0,0.93705965,0.0938,1,0
ND_Aurea,27,V0,V0,0.93705965,0.0938,1,0
ND_Aurea,29,V0,V0,0.93705965,0.0938,1,0
ND_Aurea,31,V0,V0,0.93705965,0.0938,1,0
ND_Aurea,33,V0,V0,0.93705965,0.0938,1,0
ND_Aurea,35,V0,V0,0.93705965,0.0938,1,0
ND_Aurea,37,V0,V0,0.93705965,0.0938,1,0
ND_Aurea,39,V0,V0,0.93705965,0.0938,1,0
ND_Aurea,41,V0,V0,0.93705965,0.0938,1,0
ND_Aurea,43,V0,V0,0.93705965,0.0938,1,0
ND_Aurea,45,V0,V0,0.93705965,0.0938,1,0
ND_Aurea,47,V0,V0,0.93705965,0.0938,1,0
ND_Aurea,49,V0,V0,0.93705965,0.0938,1,0
ND_Aurea,51,V0,V0,0.93705965,0.0938,1,0
ND_Aurea,53,V0,V0,0.93705965,0.0938,1,0
ND_Aurea,55,V0,V0,0.93705965,0.0938,1,0
ND_Aurea,57,V0,V0,0.93705965,0.0938,1,0
ND_Aurea,59,V0,V0,0.93705965,0.0938,1,0
ND_Aurea,61,V0,V0,0.93705965,0.0938,1,0
ND_Aurea,63,V0,V0,0.93705965,0.0938,1,0
ND_Aurea,65,V0,V0,0.93705965,0.0938,1,0
ND_Aurea,67,V0,V0,0.93705965,0.0938,1,0
ND_Aurea,69,V0,V0,0.93705965,0.0938,1,0
ND_Aurea,71,V0,V0,0.93705965,0.0938,1,0
ND_Aurea,73,V0,V0,0.93705965,0.0938,1,0
ND_Aurea,75,V0,V0,0.93705965,0.0938,1,0
ND_Aurea,77,V0,V0,0.93705965,0.0938,1,0
ND_Aurea,79,V0,V0,0.93705965,0.0938,1,0
ND_Aurea,81,V0,V0,0.93705965,0.0938,1,0
ND_Aurea,83,V0,V0,0.93705965,0.0938,1,0
ND_Aurea,85,V0,V0,0.93705965,0.0938,1,0
ND_Aurea,87,V0,V0,0.93705965,0.0938,1,0
ND_Aurea,89,V0,V0,0.93705965,0.0938,1,0
ND_Aurea,91,V0,V0,0.93705965,0.0938,1,0
ND_Aurea,95,V0,V0,0.93705965,0.0938,1,0
ND_Aurea,93,V0,V0,0.93705965,0.0938,1,0
ND_Aurea,97,V0,V0,0.93705965,0.0938,1,0
ND_Aurea,99,V0,V0,0.93705965,0.0938,1,0
ND_Aurea,101,V0,V0,0.93705965,0.0938,1,0
ND_Aurea,103,V0,V0,0.93705965,0.0938,1,0
ND_Aurea,105,V0,V0,0.93705965,0.0938,1,0
ND_Aurea,107,V0,V0,0.93705965,0.0938,1,0
ND_Aurea,109,V0,V0,0.93705965,0.0938,1,0
ND_Aurea,111,V0,V0,0.93705965,0.0938,1,0
ND_Aurea,113,V0,V0,0.93705965,0.0938,1,0
ND_Aurea,115,V0,V0,0.93705965,0.0938,1,0
ND_Aurea,117,V0,V0,0.93705965,0.0938,1,0
ND_Aurea,119,V0,V0,0.93705965,0.0938,1,0
ND_Aurea,121,V0,V0,0.93705965,0.0938,1,0
ND_Aurea,123,V0,V0,0.93705965,0.0938,1,0
ND_Aurea,125,V0,V0,0.93705965,0.0938,1,0
ND_Aurea,127,V0,V0,0.93705965,0.0938,1,0
ND_Aurea,129,V0,V0,0.93705965,0.0938,1,0
ND_Aurea,131,V0,V0,0.93705965,0.0938,1,0
ND_Aurea,133,V0,V0,0.93705965,0.0938,1,0
ND_Aurea,135,V0,V0,0.93705965,0.0938,1,0
ND_Aurea,137,V0,V0,0.93705965,0.0938,1,0
ND_Aurea,139,V0,V0,0.93705965,0.0938,1,0
ND_Aurea,,<EOS>,V0,0.01643964,5.9267,1,0
ND_Conchita Romero,1,V1,<BOS>,0.40425532,1.3067,1,0
ND_Conchita Romero,3,V0,V1,0.22912206,2.1258,1,0
ND_Conchita Romero,5,V0,V0,0.93705965,0.0938,1,0
ND_Conchita Romero,7,V1,V0,0.0465007,4.4266,1,0
ND_Conchita Romero,9,V1,V1,0.74732334,0.4202,1,0
ND_Conchita Romero,11,V0,V1,0.22912206,2.1258,1,0
ND_Conchita Romero,13,V0,V0,0.93705965,0.0938,1,0
ND_Conchita Romero,15,V1,V0,0.0465007,4.4266,1,0
ND_Conchita Romero,17,V0,V1,0.22912206,2.1258,1,0
ND_Conchita Romero,19,V0,V0,0.93705965,0.0938,1,0
ND_Conchita Romero,21,V1,V0,0.0465007,4.4266,1,0
ND_Conchita Romero,23,V1,V1,0.74732334,0.4202,1,0
ND_Conchita Romero,25,V1,V1,0.74732334,0.4202,1,0
ND_Conchita Romero,27,V0,V1,0.22912206,2.1258,1,0
ND_Conchita Romero,29,V0,V0,0.93705965,0.0938,1,0
ND_Conchita Romero,31,V0,V0,0.93705965,0.0938,1,0
ND_Conchita Romero,33,V0,V0,0.93705965,0.0938,1,0
ND_Conchita Romero,35,V0,V0,0.93705965,0.0938,1,0
ND_Conchita Romero,37,V0,V0,0.93705965,0.0938,1,0
ND_Conchita Romero,39,V0,V0,0.93705965,0.0938,1,0
ND_Conchita Romero,41,V0,V0,0.93705965,0.0938,1,0
ND_Conchita Romero,43,V1,V0,0.0465007,4.4266,1,0
ND_Conchita Romero,45,V0,V1,0.22912206,2.1258,1,0
ND_Conchita Romero,47,V0,V0,0.93705965,0.0938,1,0
ND_Conchita Romero,49,V0,V0,0.93705965,0.0938,1,0
ND_Conchita Romero,51,V0,V0,0.93705965,0.0938,1,0
ND_Conchita Romero,53,V0,V0,0.93705965,0.0938,1,0
ND_Conchita Romero,55,V0,V0,0.93705965,0.0938,1,0
ND_Conchita Romero,57,V0,V0,0.93705965,0.0938,1,0
ND_Conchita Romero,59,V0,V0,0.93705965,0.0938,1,0
ND_Conchita Romero,61,V0,V0,0.93705965,0.0938,1,0
ND_Conchita Romero,63,V0,V0,0.93705965,0.0938,1,0
ND_Conchita Romero,65,V0,V0,0.93705965,0.0938,1,0
ND_Conchita Romero,67,V0,V0,0.93705965,0.0938,1,0
ND_Conchita Romero,69,V0,V0,0.93705965,0.0938,1,0
ND_Conchita Romero,71,V0,V0,0.93705965,0.0938,1,0
ND_Conchita Romero,73,V0,V0,0.93705965,0.0938,1,0
ND_Conchita Romero,75,V0,V0,0.93705965,0.0938,1,0
ND_Conchita Romero,77,V0,V0,0.93705965,0.0938,1,0
ND_Conchita Romero,79,V0,V0,0.93705965,0.0938,1,0
ND_Conchita Romero,81,V0,V0,0.93705965,0.0938,1,0
ND_Conchita Romero,83,V0,V0,0.93705965,0.0938,1,0
ND_Conchita Romero,85,V0,V0,0.93705965,0.0938,1,0
ND_Conchita Romero,87,V0,V0,0.93705965,0.0938,1,0
ND_Conchita Romero,89,V0,V0,0.93705965,0.0938,1,0
ND_Conchita Romero,91,V0,V0,0.93705965,0.0938,1,0
ND_Conchita Romero,93,V0,V0,0.93705965,0.0938,1,0
ND_Conchita Romero,95,V0,V0,0.93705965,0.0938,1,0
ND_Conchita Romero,97,V0,V0,0.93705965,0.0938,1,0
ND_Conchita Romero,99,V0,V0,0.93705965,0.0938,1,0
ND_Conchita Romero,101,V0,V0,0.93705965,0.0938,1,0
ND_Conchita Romero,103,V0,V0,0.93705965,0.0938,1,0
ND_Conchita Romero,105,V0,V0,0.93705965,0.0938,1,0
ND_Conchita Romero,107,V0,V0,0.93705965,0.0938,1,0
ND_Conchita Romero,109,V0,V0,0.93705965,0.0938,1,0
ND_Conchita Romero,111,V0,V0,0.93705965,0.0938,1,0
ND_Conchita Romero,113,V0,V0,0.93705965,0.0938,1,0
ND_Conchita Romero,115,V0,V0,0.93705965,0.0938,1,0
ND_Conchita Romero,117,V1,V0,0.0465007,4.4266,1,0
ND_Conchita Romero,119,V1,V1,0.74732334,0.4202,1,0
ND_Conchita Romero,121,V1,V1,0.74732334,0.4202,1,0
ND_Conchita Romero,123,V1,V1,0.74732334,0.4202,1,0
ND_Conchita Romero,125,V1,V1,0.74732334,0.4202,1,0
ND_Conchita Romero,127,V0,V1,0.22912206,2.1258,1,0
ND_Conchita Romero,129,V0,V0,0.93705965,0.0938,1,0
ND_Conchita Romero,131,V0,V0,0.93705965,0.0938,1,0
ND_Conchita Romero,133,V0,V0,0.93705965,0.0938,1,0
ND_Conchita Romero,135,V1,V0,0.0465007,4.4266,1,0
ND_Conchita Romero,137,V0,V1,0.22912206,2.1258,1,0
ND_Conchita Romero,139,V1,V0,0.0465007,4.4266,1,0
ND_Conchita Romero,141,V0,V1,0.22912206,2.1258,1,0
ND_Conchita Romero,143,V0,V0,0.93705965,0.0938,1,0
ND_Conchita Romero,145,V0,V0,0.93705965,0.0938,1,0
ND_Conchita Romero,147,V0,V0,0.93705965,0.0938,1,0
ND_Conchita Romero,149,V0,V0,0.93705965,0.0938,1,0
ND_Conchita Romero,151,V0,V0,0.93705965,0.0938,1,0
ND_Conchita Romero,153,V0,V0,0.93705965,0.0938,1,0
ND_Conchita Romero,155,V0,V0,0.93705965,0.0938,1,0
ND_Conchita Romero,157,V0,V0,0.93705965,0.0938,1,0
ND_Conchita Romero,159,V0,V0,0.93705965,0.0938,1,0
ND_Conchita Romero,161,V0,V0,0.93705965,0.0938,1,0
ND_Conchita Romero,163,V0,V0,0.93705965,0.0938,1,0
ND_Conchita Romero,165,V0,V0,0.93705965,0.0938,1,0
ND_Conchita Romero,169,V0,V0,0.93705965,0.0938,1,0
ND_Conchita Romero,171,V0,V0,0.93705965,0.0938,1,0
ND_Conchita Romero,173,V0,V0,0.93705965,0.0938,1,0
ND_Conchita Romero,175,V0,V0,0.93705965,0.0938,1,0
ND_Conchita Romero,177,V1,V0,0.0465007,4.4266,1,0
ND_Conchita Romero,179,V1,V1,0.74732334,0.4202,1,0
ND_Conchita Romero,181,V1,V1,0.74732334,0.4202,1,0
ND_Conchita Romero,,<EOS>,V1,0.0235546,5.4078,1,0
ND_Modelo Ros Mari,3,V1,<BOS>,0.40425532,1.3067,1,0
ND_Modelo Ros Mari,5,V1,V1,0.74732334,0.4202,1,0
ND_Modelo Ros Mari,7,V1,V1,0.74732334,0.4202,1,0
ND_Modelo Ros Mari,9,V1,V1,0.74732334,0.4202,1,0
ND_Modelo Ros Mari,11,V1,V1,0.74732334,0.4202,1,0
ND_Modelo Ros Mari,13,V1,V1,0.74732334,0.4202,1,0
ND_Modelo Ros Mari,15,V0,V1,0.22912206,2.1258,1,0
ND_Modelo Ros Mari,17,V1,V0,0.0465007,4.4266,1,0
ND_Modelo Ros Mari,19,V0,V1,0.22912206,2.1258,1,0
ND_Modelo Ros Mari,21,V1,V0,0.0465007,4.4266,1,0
ND_Modelo Ros Mari,23,V1,V1,0.74732334,0.4202,1,0
ND_Modelo Ros Mari,25,V1,V1,0.74732334,0.4202,1,0
ND_Modelo Ros Mari,27,V1,V1,0.74732334,0.4202,1,0
ND_Modelo Ros Mari,29,V1,V1,0.74732334,0.4202,1,0
ND_Modelo Ros Mari,31,V1,V1,0.74732334,0.4202,1,0
ND_Modelo Ros Mari,33,V1,V1,0.74732334,0.4202,1,0
ND_Modelo Ros Mari,35,V1,V1,0.74732334,0.4202,1,0
ND_Modelo Ros Mari,37,V1,V1,0.74732334,0.4202,1,0
ND_Modelo Ros Mari,39,V1,V1,0.74732334,0.4202,1,0
ND_Modelo Ros Mari,41,V1,V1,0.74732334,0.4202,1,0
ND_Modelo Ros Mari,43,V1,V1,0.74732334,0.4202,1,0
ND_Modelo Ros Mari,45,V0,V1,0.22912206,2.1258,1,0
ND_Modelo Ros Mari,47,V1,V0,0.0465007,4.4266,1,0
ND_Modelo Ros Mari,49,V1,V1,0.74732334,0.4202,1,0
ND_Modelo Ros Mari,51,V1,V1,0.74732334,0.4202,1,0
ND_Modelo Ros Mari,53,V1,V1,0.74732334,0.4202,1,0
ND_Modelo Ros Mari,55,V1,V1,0.74732334,0.4202,1,0
ND_Modelo Ros Mari,57,V1,V1,0.74732334,0.4202,1,0
ND_Modelo Ros Mari,59,V1,V1,0.74732334,0.4202,1,0
ND_Modelo Ros Mari,61,V1,V1,0.74732334,0.4202,1,0
ND_Modelo Ros Mari,63,V1,V1,0.74732334,0.4202,1,0
ND_Modelo Ros Mari,65,V1,V1,0.74732334,0.4202,1,0
ND_Modelo Ros Mari,67,V1,V1,0.74732334,0.4202,1,0
ND_Modelo Ros Mari,69,V1,V1,0.74732334,0.4202,1,0
ND_Modelo Ros Mari,71,V1,V1,0.74732334,0.4202,1,0
ND_Modelo Ros Mari,73,V1,V1,0.74732334,0.4202,1,0
ND_Modelo Ros Mari,75,V1,V1,0.74732334,0.4202,1,0
ND_Modelo Ros Mari,77,V1,V1,0.74732334,0.4202,1,0
ND_Modelo Ros Mari,79,V1,V1,0.74732334,0.4202,1,0
ND_Modelo Ros Mari,81,V1,V1,0.74732334,0.4202,1,0
ND_Modelo Ros Mari,83,V1,V1,0.74732334,0.4202,1,0
ND_Modelo Ros Mari,85,V1,V1,0.74732334,0.4202,1,0
ND_Modelo Ros Mari,87,V1,V1,0.74732334,0.4202,1,0
ND_Modelo Ros Mari,89,V1,V1,0.74732334,0.4202,1,0
ND_Modelo Ros Mari,91,V1,V1,0.74732334,0.4202,1,0
ND_Modelo Ros Mari,93,V1,V1,0.74732334,0.4202,1,0
ND_Modelo Ros Mari,95,V1,V1,0.74732334,0.4202,1,0
ND_Modelo Ros Mari,97,V1,V1,0.74732334,0.4202,1,0
ND_Modelo Ros Mari,99,V1,V1,0.74732334,0.4202,1,0
ND_Modelo Ros Mari,101,V1,V1,0.74732334,0.4202,1,0
ND_Modelo Ros Mari,103,V1,V1,0.74732334,0.4202,1,0
ND_Modelo Ros Mari,105,V1,V1,0.74732334,0.4202,1,0
ND_Modelo Ros Mari,107,V1,V1,0.74732334,0.4202,1,0
ND_Modelo Ros Mari,109,V1,V1,0.74732334,0.4202,1,0
ND_Modelo Ros Mari,111,V1,V1,0.74732334,0.4202,1,0
ND_Modelo Ros Mari,,<EOS>,V1,0.0235546,5.4078,1,0
ND_Demetri pequeño,1,V0,<BOS>,0.57446809,0.7997,1,0
ND_Demetri pequeño,3,V0,V0,0.93705965,0.0938,1,0
ND_Demetri pequeño,5,V0,V0,0.93705965,0.0938,1,0
ND_Demetri pequeño,7,V0,V0,0.93705965,0.0938,1,0
ND_Demetri pequeño,9,V0,V0,0.93705965,0.0938,1,0
ND_Demetri pequeño,11,V0,V0,0.93705965,0.0938,1,0
ND_Demetri pequeño,13,V0,V0,0.93705965,0.0938,1,0
ND_Demetri pequeño,15,V0,V0,0.93705965,0.0938,1,0
ND_Demetri pequeño,17,V0,V0,0.93705965,0.0938,1,0
ND_Demetri pequeño,19,V0,V0,0.93705965,0.0938,1,0
ND_Demetri pequeño,21,V0,V0,0.93705965,0.0938,1,0
ND_Demetri pequeño,23,V0,V0,0.93705965,0.0938,1,0
ND_Demetri pequeño,25,V0,V0,0.93705965,0.0938,1,0
ND_Demetri pequeño,27,V0,V0,0.93705965,0.0938,1,0
ND_Demetri pequeño,29,V0,V0,0.93705965,0.0938,1,0
ND_Demetri pequeño,31,V0,V0,0.93705965,0.0938,1,0
ND_Demetri pequeño,33,V0,V0,0.93705965,0.0938,1,0
ND_Demetri pequeño,35,V0,V0,0.93705965,0.0938,1,0
ND_Demetri pequeño,37,V0,V0,0.93705965,0.0938,1,0
ND_Demetri pequeño,39,V0,V0,0.93705965,0.0938,1,0
ND_Demetri pequeño,41,V0,V0,0.93705965,0.0938,1,0
ND_Demetri pequeño,43,V0,V0,0.93705965,0.0938,1,0
ND_Demetri pequeño,45,V0,V0,0.93705965,0.0938,1,0
ND_Demetri pequeño,47,V1,V0,0.0465007,4.4266,1,0
ND_Demetri pequeño,49,V0,V1,0.22912206,2.1258,1,0
ND_Demetri pequeño,51,V0,V0,0.93705965,0.0938,1,0
ND_Demetri pequeño,53,V0,V0,0.93705965,0.0938,1,0
ND_Demetri pequeño,55,V0,V0,0.93705965,0.0938,1,0
ND_Demetri pequeño,,<EOS>,V0,0.01643964,5.9267,1,0
ND_Punto Angelines para blusa,1,V1,<BOS>,0.40425532,1.3067,1,0
ND_Punto Angelines para blusa,2,V1,V1,0.74732334,0.4202,1,0
ND_Punto Angelines para blusa,3,V1,V1,0.74732334,0.4202,1,0
ND_Punto Angelines para blusa,4,V1,V1,0.74732334,0.4202,1,0
ND_Punto Angelines para blusa,8,V1,V1,0.74732334,0.4202,1,0
ND_Punto Angelines para blusa,9,V1,V1,0.74732334,0.4202,1,0
ND_Punto Angelines para blusa,10,V1,V1,0.74732334,0.4202,1,0
ND_Punto Angelines para blusa,11,V1,V1,0.74732334,0.4202,1,0
ND_Punto Angelines para blusa,12,V1,V1,0.74732334,0.4202,1,0
ND_Punto Angelines para blusa,13,V1,V1,0.74732334,0.4202,1,0
ND_Punto Angelines para blusa,14,V1,V1,0.74732334,0.4202,1,0
ND_Punto Angelines para blusa,15,V1,V1,0.74732334,0.4202,1,0
ND_Punto Angelines para blusa,16,V1,V1,0.74732334,0.4202,1,0
ND_Punto Angelines para blusa,17,V1,V1,0.74732334,0.4202,1,0
ND_Punto Angelines para blusa,18,V1,V1,0.74732334,0.4202,1,0
ND_Punto Angelines para blusa,,<EOS>,V1,0.0235546,5.4078,1,0
ND_Zapatitos de recién nacido,2,V1,<BOS>,0.40425532,1.3067,1,0
ND_Zapatitos de recién nacido,4,V1,V1,0.74732334,0.4202,1,0
ND_Zapatitos de recién nacido,6,V1,V1,0.74732334,0.4202,1,0
ND_Zapatitos de recién nacido,8,V1,V1,0.74732334,0.4202,1,0
ND_Zapatitos de recién nacido,10,V1,V1,0.74732334,0.4202,1,0
ND_Zapatitos de recién nacido,,<EOS>,V1,0.0235546,5.4078,1,0
ND_Coco liso,1,V0,<BOS>,0.57446809,0.7997,1,0
ND_Coco liso,3,V0,V0,0.93705965,0.0938,1,0
ND_Coco liso,5,V0,V0,0.93705965,0.0938,1,0
ND_Coco liso,7,V0,V0,0.93705965,0.0938,1,0
ND_Coco liso,9,V0,V0,0.93705965,0.0938,1,0
ND_Coco liso,11,V0,V0,0.93705965,0.0938,1,0
ND_Coco liso,13,V0,V0,0.93705965,0.0938,1,0
ND_Coco liso,15,V0,V0,0.93705965,0.0938,1,0
ND_Coco liso,17,V0,V0,0.93705965,0.0938,1,0
ND_Coco liso,19,V0,V0,0.93705965,0.0938,1,0
ND_Coco liso,21,V0,V0,0.93705965,0.0938,1,0
ND_Coco liso,23,V0,V0,0.93705965,0.0938,1,0
ND_Coco liso,25,V0,V0,0.93705965,0.0938,1,0
ND_Coco liso,27,V0,V0,0.93705965,0.0938,1,0
ND_Coco liso,29,V0,V0,0.93705965,0.0938,1,0
ND_Coco liso,31,V0,V0,0.93705965,0.0938,1,0
ND_Coco liso,33,V0,V0,0.93705965,0.0938,1,0
ND_Coco liso,35,V0,V0,0.93705965,0.0938,1,0
ND_Coco liso,37,V0,V0,0.93705965,0.0938,1,0
ND_Coco liso,39,V0,V0,0.93705965,0.0938,1,0
ND_Coco liso,41,V0,V0,0.93705965,0.0938,1,0
ND_Coco liso,43,V0,V0,0.93705965,0.0938,1,0
ND_Coco liso,45,V0,V0,0.93705965,0.0938,1,0
ND_Coco liso,47,V0,V0,0.93705965,0.0938,1,0
ND_Coco liso,49,V0,V0,0.93705965,0.0938,1,0
ND_Coco liso,51,V0,V0,0.93705965,0.0938,1,0
ND_Coco liso,53,V0,V0,0.93705965,0.0938,1,0
ND_Coco liso,101,V0,V0,0.93705965,0.0938,1,0
ND_Coco liso,103,V0,V0,0.93705965,0.0938,1,0
ND_Coco liso,105,V0,V0,0.93705965,0.0938,1,0
ND_Coco liso,107,V0,V0,0.93705965,0.0938,1,0
ND_Coco liso,109,V0,V0,0.93705965,0.0938,1,0
ND_Coco liso,111,V0,V0,0.93705965,0.0938,1,0
ND_Coco liso,113,V0,V0,0.93705965,0.0938,1,0
ND_Coco liso,115,V0,V0,0.93705965,0.0938,1,0
ND_Coco liso,117,V0,V0,0.93705965,0.0938,1,0
ND_Coco liso,119,V0,V0,0.93705965,0.0938,1,0
ND_Coco liso,121,V0,V0,0.93705965,0.0938,1,0
ND_Coco liso,123,V0,V0,0.93705965,0.0938,1,0
ND_Coco liso,125,V0,V0,0.93705965,0.0938,1,0
ND_Coco liso,127,V0,V0,0.93705965,0.0938,1,0
ND_Coco liso,129,V0,V0,0.93705965,0.0938,1,0
ND_Coco liso,131,V0,V0,0.93705965,0.0938,1,0
ND_Coco liso,133,V0,V0,0.93705965,0.0938,1,0
ND_Coco liso,135,V0,V0,0.93705965,0.0938,1,0
ND_Coco liso,,<EOS>,V0,0.01643964,5.9267,1,0
ND_Ruth,1,V1,<BOS>,0.40425532,1.3067,1,0
ND_Ruth,3,V0,V1,0.22912206,2.1258,1,0
ND_Ruth,5,V1,V0,0.0465007,4.4266,1,0
ND_Ruth,7,V1,V1,0.74732334,0.4202,1,0
ND_Ruth,9,V0,V1,0.22912206,2.1258,1,0
ND_Ruth,11,V1,V0,0.0465007,4.4266,1,0
ND_Ruth,31,V1,V1,0.74732334,0.4202,1,0
ND_Ruth,33,V0,V1,0.22912206,2.1258,1,0
ND_Ruth,35,V1,V0,0.0465007,4.4266,1,0
ND_Ruth,37,V0,V1,0.22912206,2.1258,1,0
ND_Ruth,39,V0,V0,0.93705965,0.0938,1,0
ND_Ruth,41,V0,V0,0.93705965,0.0938,1,0
ND_Ruth,43,V0,V0,0.93705965,0.0938,1,0
ND_Ruth,45,V0,V0,0.93705965,0.0938,1,0
ND_Ruth,51,V0,V0,0.93705965,0.0938,1,0
ND_Ruth,53,V0,V0,0.93705965,0.0938,1,0
ND_Ruth,55,V0,V0,0.93705965,0.0938,1,0
ND_Ruth,57,V0,V0,0.93705965,0.0938,1,0
ND_Ruth,59,V0,V0,0.93705965,0.0938,1,0
ND_Ruth,61,V0,V0,0.93705965,0.0938,1,0
ND_Ruth,59,V0,V0,0.93705965,0.0938,1,0
ND_Ruth,61,V0,V0,0.93705965,0.0938,1,0
ND_Ruth,63,V0,V0,0.93705965,0.0938,1,0
ND_Ruth,65,V0,V0,0.93705965,0.0938,1,0
ND_Ruth,67,V0,V0,0.93705965,0.0938,1,0
ND_Ruth,69,V0,V0,0.93705965,0.0938,1,0
ND_Ruth,71,V0,V0,0.93705965,0.0938,1,0
ND_Ruth,73,V0,V0,0.93705965,0.0938,1,0
ND_Ruth,75,V1,V0,0.0465007,4.4266,1,0
ND_Ruth,77,V0,V1,0.22912206,2.1258,1,0
ND_Ruth,79,V0,V0,0.93705965,0.0938,1,0
ND_Ruth,81,V0,V0,0.93705965,0.0938,1,0
ND_Ruth,83,V0,V0,0.93705965,0.0938,1,0
ND_Ruth,85,V0,V0,0.93705965,0.0938,1,0
ND_Ruth,87,V0,V0,0.93705965,0.0938,1,0
ND_Ruth,89,V0,V0,0.93705965,0.0938,1,0
ND_Ruth,,<EOS>,V0,0.01643964,5.9267,1,0
ND_Chistrofe Rosa de Navidad,5,V1,<BOS>,0.40425532,1.3067,1,0
ND_Chistrofe Rosa de Navidad,7,V0,V1,0.22912206,2.1258,1,0
ND_Chistrofe Rosa de Navidad,9,V0,V0,0.93705965,0.0938,1,0
ND_Chistrofe Rosa de Navidad,11,V0,V0,0.93705965,0.0938,1,0
ND_Chistrofe Rosa de Navidad,18,V0,V0,0.93705965,0.0938,1,0
ND_Chistrofe Rosa de Navidad,20,V0,V0,0.93705965,0.0938,1,0
ND_Chistrofe Rosa de Navidad,22,V0,V0,0.93705965,0.0938,1,0
ND_Chistrofe Rosa de Navidad,24,V0,V0,0.93705965,0.0938,1,0
ND_Chistrofe Rosa de Navidad,26,V0,V0,0.93705965,0.0938,1,0
ND_Chistrofe Rosa de Navidad,28,V0,V0,0.93705965,0.0938,1,0
ND_Chistrofe Rosa de Navidad,30,V0,V0,0.93705965,0.0938,1,0
ND_Chistrofe Rosa de Navidad,32,V0,V0,0.93705965,0.0938,1,0
ND_Chistrofe Rosa de Navidad,34,V0,V0,0.93705965,0.0938,1,0
ND_Chistrofe Rosa de Navidad,36,V1,V0,0.0465007,4.4266,1,0
ND_Chistrofe Rosa de Navidad,38,V0,V1,0.22912206,2.1258,1,0
ND_Chistrofe Rosa de Navidad,40,V0,V0,0.93705965,0.0938,1,0
ND_Chistrofe Rosa de Navidad,42,V0,V0,0.93705965,0.0938,1,0
ND_Chistrofe Rosa de Navidad,44,V1,V0,0.0465007,4.4266,1,0
ND_Chistrofe Rosa de Navidad,46,V0,V1,0.22912206,2.1258,1,0
ND_Chistrofe Rosa de Navidad,48,V0,V0,0.93705965,0.0938,1,0
ND_Chistrofe Rosa de Navidad,50,V1,V0,0.0465007,4.4266,1,0
ND_Chistrofe Rosa de Navidad,52,V0,V1,0.22912206,2.1258,1,0
ND_Chistrofe Rosa de Navidad,54,V0,V0,0.93705965,0.0938,1,0
ND_Chistrofe Rosa de Navidad,56,V0,V0,0.93705965,0.0938,1,0
ND_Chistrofe Rosa de Navidad,58,V0,V0,0.93705965,0.0938,1,0
ND_Chistrofe Rosa de Navidad,60,V0,V0,0.93705965,0.0938,1,0
ND_Chistrofe Rosa de Navidad,62,V0,V0,0.93705965,0.0938,1,0
ND_Chistrofe Rosa de Navidad,64,V0,V0,0.93705965,0.0938,1,0
ND_Chistrofe Rosa de Navidad,66,V0,V0,0.93705965,0.0938,1,0
ND_Chistrofe Rosa de Navidad,68,V0,V0,0.93705965,0.0938,1,0
ND_Chistrofe Rosa de Navidad,70,V0,V0,0.93705965,0.0938,1,0
ND_Chistrofe Rosa de Navidad,72,V0,V0,0.93705965,0.0938,1,0
ND_Chistrofe Rosa de Navidad,74,V1,V0,0.0465007,4.4266,1,0
ND_Chistrofe Rosa de Navidad,76,V0,V1,0.22912206,2.1258,1,0
ND_Chistrofe Rosa de Navidad,78,V0,V0,0.93705965,0.0938,1,0
ND_Chistrofe Rosa de Navidad,80,V0,V0,0.93705965,0.0938,1,0
ND_Chistrofe Rosa de Navidad,82,V0,V0,0.93705965,0.0938,1,0
ND_Chistrofe Rosa de Navidad,84,V1,V0,0.0465007,4.4266,1,0
ND_Chistrofe Rosa de Navidad,86,V0,V1,0.22912206,2.1258,1,0
ND_Chistrofe Rosa de Navidad,88,V0,V0,0.93705965,0.0938,1,0
ND_Chistrofe Rosa de Navidad,90,V0,V0,0.93705965,0.0938,1,0
ND_Chistrofe Rosa de Navidad,92,V0,V0,0.93705965,0.0938,1,0
ND_Chistrofe Rosa de Navidad,94,V0,V0,0.93705965,0.0938,1,0
ND_Chistrofe Rosa de Navidad,96,V0,V0,0.93705965,0.0938,1,0
ND_Chistrofe Rosa de Navidad,98,V0,V0,0.93705965,0.0938,1,0
ND_Chistrofe Rosa de Navidad,100,V0,V0,0.93705965,0.0938,1,0
ND_Chistrofe Rosa de Navidad,102,V0,V0,0.93705965,0.0938,1,0
ND_Chistrofe Rosa de Navidad,104,V0,V0,0.93705965,0.0938,1,0
ND_Chistrofe Rosa de Navidad,106,V0,V0,0.93705965,0.0938,1,0
ND_Chistrofe Rosa de Navidad,108,V1,V0,0.0465007,4.4266,1,0
ND_Chistrofe Rosa de Navidad,110,V0,V1,0.22912206,2.1258,1,0
ND_Chistrofe Rosa de Navidad,112,V0,V0,0.93705965,0.0938,1,0
ND_Chistrofe Rosa de Navidad,114,V0,V0,0.93705965,0.0938,1,0
ND_Chistrofe Rosa de Navidad,116,V0,V0,0.93705965,0.0938,1,0
ND_Chistrofe Rosa de Navidad,118,V0,V0,0.93705965,0.0938,1,0
ND_Chistrofe Rosa de Navidad,120,V0,V0,0.93705965,0.0938,1,0
ND_Chistrofe Rosa de Navidad,122,V0,V0,0.93705965,0.0938,1,0
ND_Chistrofe Rosa de Navidad,124,V0,V0,0.93705965,0.0938,1,0
ND_Chistrofe Rosa de Navidad,126,V0,V0,0.93705965,0.0938,1,0
ND_Chistrofe Rosa de Navidad,128,V0,V0,0.93705965,0.0938,1,0
ND_Chistrofe Rosa de Navidad,130,V0,V0,0.93705965,0.0938,1,0
ND_Chistrofe Rosa de Navidad,132,V0,V0,0.93705965,0.0938,1,0
ND_Chistrofe Rosa de Navidad,134,V0,V0,0.93705965,0.0938,1,0
ND_Chistrofe Rosa de Navidad,136,V0,V0,0.93705965,0.0938,1,0
ND_Chistrofe Rosa de Navidad,138,V0,V0,0.93705965,0.0938,1,0
ND_Chistrofe Rosa de Navidad,140,V1,V0,0.0465007,4.4266,1,0
ND_Chistrofe Rosa de Navidad,142,V0,V1,0.22912206,2.1258,1,0
ND_Chistrofe Rosa de Navidad,144,V0,V0,0.93705965,0.0938,1,0
ND_Chistrofe Rosa de Navidad,146,V0,V0,0.93705965,0.0938,1,0
ND_Chistrofe Rosa de Navidad,148,V0,V0,0.93705965,0.0938,1,0
ND_Chistrofe Rosa de Navidad,150,V0,V0,0.93705965,0.0938,1,0
ND_Chistrofe Rosa de Navidad,152,V0,V0,0.93705965,0.0938,1,0
ND_Chistrofe Rosa de Navidad,154,V0,V0,0.93705965,0.0938,1,0
ND_Chistrofe Rosa de Navidad,156,V0,V0,0.93705965,0.0938,1,0
ND_Chistrofe Rosa de Navidad,158,V0,V0,0.93705965,0.0938,1,0
ND_Chistrofe Rosa de Navidad,160,V0,V0,0.93705965,0.0938,1,0
ND_Chistrofe Rosa de Navidad,162,V0,V0,0.93705965,0.0938,1,0
ND_Chistrofe Rosa de Navidad,164,V0,V0,0.93705965,0.0938,1,0
ND_Chistrofe Rosa de Navidad,166,V0,V0,0.93705965,0.0938,1,0
ND_Chistrofe Rosa de Navidad,168,V0,V0,0.93705965,0.0938,1,0
ND_Chistrofe Rosa de Navidad,170,V0,V0,0.93705965,0.0938,1,0
ND_Chistrofe Rosa de Navidad,172,V0,V0,0.93705965,0.0938,1,0
ND_Chistrofe Rosa de Navidad,174,V0,V0,0.93705965,0.0938,1,0
ND_Chistrofe Rosa de Navidad,176,V0,V0,0.93705965,0.0938,1,0
ND_Chistrofe Rosa de Navidad,178,V1,V0,0.0465007,4.4266,1,0
ND_Chistrofe Rosa de Navidad,180,V0,V1,0.22912206,2.1258,1,0
ND_Chistrofe Rosa de Navidad,182,V0,V0,0.93705965,0.0938,1,0
ND_Chistrofe Rosa de Navidad,184,V0,V0,0.93705965,0.0938,1,0
ND_Chistrofe Rosa de Navidad,186,V0,V0,0.93705965,0.0938,1,0
ND_Chistrofe Rosa de Navidad,188,V1,V0,0.0465007,4.4266,1,0
ND_Chistrofe Rosa de Navidad,190,V0,V1,0.22912206,2.1258,1,0
ND_Chistrofe Rosa de Navidad,,<EOS>,V0,0.01643964,5.9267,1,0
ND_Maria,1,V0,<BOS>,0.57446809,0.7997,1,0
ND_Maria,3,V0,V0,0.93705965,0.0938,1,0
ND_Maria,5,V0,V0,0.93705965,0.0938,1,0
ND_Maria,11,V1,V0,0.0465007,4.4266,1,0
ND_Maria,15,V1,V1,0.74732334,0.4202,1,0
ND_Maria,17,V0,V1,0.22912206,2.1258,1,0
ND_Maria,19,V1,V0,0.0465007,4.4266,1,0
ND_Maria,21,V1,V1,0.74732334,0.4202,1,0
ND_Maria,23,V1,V1,0.74732334,0.4202,1,0
ND_Maria,25,V1,V1,0.74732334,0.4202,1,0
ND_Maria,27,V1,V1,0.74732334,0.4202,1,0
ND_Maria,29,V1,V1,0.74732334,0.4202,1,0
ND_Maria,31,V1,V1,0.74732334,0.4202,1,0
ND_Maria,33,V0,V1,0.22912206,2.1258,1,0
ND_Maria,35,V0,V0,0.93705965,0.0938,1,0
ND_Maria,37,V0,V0,0.93705965,0.0938,1,0
ND_Maria,39,V0,V0,0.93705965,0.0938,1,0
ND_Maria,41,V1,V0,0.0465007,4.4266,1,0
ND_Maria,43,V0,V1,0.22912206,2.1258,1,0
ND_Maria,45,V0,V0,0.93705965,0.0938,1,0
ND_Maria,47,V0,V0,0.93705965,0.0938,1,0
ND_Maria,49,V0,V0,0.93705965,0.0938,1,0
ND_Maria,51,V0,V0,0.93705965,0.0938,1,0
ND_Maria,53,V0,V0,0.93705965,0.0938,1,0
ND_Maria,55,V0,V0,0.93705965,0.0938,1,0
ND_Maria,57,V0,V0,0.93705965,0.0938,1,0
ND_Maria,59,V0,V0,0.93705965,0.0938,1,0
ND_Maria,61,V0,V0,0.93705965,0.0938,1,0
ND_Maria,63,V0,V0,0.93705965,0.0938,1,0
ND_Maria,65,V0,V0,0.93705965,0.0938,1,0
ND_Maria,67,V0,V0,0.93705965,0.0938,1,0
ND_Maria,69,V0,V0,0.93705965,0.0938,1,0
ND_Maria,71,V0,V0,0.93705965,0.0938,1,0
ND_Maria,73,V0,V0,0.93705965,0.0938,1,0
ND_Maria,75,V0,V0,0.93705965,0.0938,1,0
ND_Maria,77,V0,V0,0.93705965,0.0938,1,0
ND_Maria,79,V0,V0,0.93705965,0.0938,1,0
ND_Maria,81,V0,V0,0.93705965,0.0938,1,0
ND_Maria,83,V0,V0,0.93705965,0.0938,1,0
ND_Maria,85,V0,V0,0.93705965,0.0938,1,0
ND_Maria,87,V0,V0,0.93705965,0.0938,1,0
ND_Maria,89,V0,V0,0.93705965,0.0938,1,0
ND_Maria,91,V0,V0,0.93705965,0.0938,1,0
ND_Maria,93,V0,V0,0.93705965,0.0938,1,0
ND_Maria,95,V0,V0,0.93705965,0.0938,1,0
ND_Maria,97,V0,V0,0.93705965,0.0938,1,0
ND_Maria,99,V0,V0,0.93705965,0.0938,1,0
ND_Maria,101,V0,V0,0.93705965,0.0938,1,0
ND_Maria,103,V0,V0,0.93705965,0.0938,1,0
ND_Maria,105,V0,V0,0.93705965,0.0938,1,0
ND_Maria,107,V0,V0,0.93705965,0.0938,1,0
ND_Maria,109,V0,V0,0.93705965,0.0938,1,0
ND_Maria,111,V0,V0,0.93705965,0.0938,1,0
ND_Maria,113,V0,V0,0.93705965,0.0938,1,0
ND_Maria,115,V0,V0,0.93705965,0.0938,1,0
ND_Maria,117,V0,V0,0.93705965,0.0938,1,0
ND_Maria,119,V0,V0,0.93705965,0.0938,1,0
ND_Maria,121,V0,V0,0.93705965,0.0938,1,0
ND_Maria,123,V0,V0,0.93705965,0.0938,1,0
ND_Maria,125,V0,V0,0.93705965,0.0938,1,0
ND_Maria,127,V0,V0,0.93705965,0.0938,1,0
ND_Maria,129,V0,V0,0.93705965,0.0938,1,0
ND_Maria,131,V0,V0,0.93705965,0.0938,1,0
ND_Maria,133,V0,V0,0.93705965,0.0938,1,0
ND_Maria,135,V0,V0,0.93705965,0.0938,1,0
ND_Maria,137,V0,V0,0.93705965,0.0938,1,0
ND_Maria,139,V0,V0,0.93705965,0.0938,1,0
ND_Maria,141,V0,V0,0.93705965,0.0938,1,0
ND_Maria,143,V0,V0,0.93705965,0.0938,1,0
ND_Maria,145,V0,V0,0.93705965,0.0938,1,0
ND_Maria,147,V0,V0,0.93705965,0.0938,1,0
ND_Maria,149,V0,V0,0.93705965,0.0938,1,0
ND_Maria,151,V0,V0,0.93705965,0.0938,1,0
ND_Maria,153,V0,V0,0.93705965,0.0938,1,0
ND_Maria,155,V0,V0,0.93705965,0.0938,1,0
ND_Maria,157,V0,V0,0.93705965,0.0938,1,0
ND_Maria,161,V0,V0,0.93705965,0.0938,1,0
ND_Maria,163,V0,V0,0.93705965,0.0938,1,0
ND_Maria,166,V0,V0,0.93705965,0.0938,1,0
ND_Maria,167,V0,V0,0.93705965,0.0938,1,0
ND_Maria,169,V1,V0,0.0465007,4.4266,1,0
ND_Maria,171,V1,V1,0.74732334,0.4202,1,0
ND_Maria,173,V1,V1,0.74732334,0.4202,1,0
ND_Maria,175,V1,V1,0.74732334,0.4202,1,0
ND_Maria,177,V1,V1,0.74732334,0.4202,1,0
ND_Maria,179,V1,V1,0.74732334,0.4202,1,0
ND_Maria,181,V1,V1,0.74732334,0.4202,1,0
ND_Maria,183,V0,V1,0.22912206,2.1258,1,0
ND_Maria,185,V0,V0,0.93705965,0.0938,1,0
ND_Maria,187,V0,V0,0.93705965,0.0938,1,0
ND_Maria,189,V0,V0,0.93705965,0.0938,1,0
ND_Maria,191,V0,V0,0.93705965,0.0938,1,0
ND_Maria,193,V0,V0,0.93705965,0.0938,1,0
ND_Maria,195,V0,V0,0.93705965,0.0938,1,0
ND_Maria,197,V0,V0,0.93705965,0.0938,1,0
ND_Maria,199,V0,V0,0.93705965,0.0938,1,0
ND_Maria,201,V0,V0,0.93705965,0.0938,1,0
ND_Maria,203,V0,V0,0.93705965,0.0938,1,0
ND_Maria,205,V0,V0,0.93705965,0.0938,1,0
ND_Maria,207,V0,V0,0.93705965,0.0938,1,0
ND_Maria,209,V0,V0,0.93705965,0.0938,1,0
ND_Maria,211,V0,V0,0.93705965,0.0938,1,0
ND_Maria,213,V0,V0,0.93705965,0.0938,1,0
ND_Maria,215,V0,V0,0.93705965,0.0938,1,0
ND_Maria,217,V0,V0,0.93705965,0.0938,1,0
ND_Maria,219,V0,V0,0.93705965,0.0938,1,0
ND_Maria,221,V0,V0,0.93705965,0.0938,1,0
ND_Maria,223,V0,V0,0.93705965,0.0938,1,0
ND_Maria,225,V0,V0,0.93705965,0.0938,1,0
ND_Maria,227,V0,V0,0.93705965,0.0938,1,0
ND_Maria,229,V0,V0,0.93705965,0.0938,1,0
ND_Maria,231,V0,V0,0.93705965,0.0938,1,0
ND_Maria,233,V0,V0,0.93705965,0.0938,1,0
ND_Maria,235,V0,V0,0.93705965,0.0938,1,0
ND_Maria,237,V0,V0,0.93705965,0.0938,1,0
ND_Maria,239,V0,V0,0.93705965,0.0938,1,0
ND_Maria,241,V0,V0,0.93705965,0.0938,1,0
ND_Maria,243,V0,V0,0.93705965,0.0938,1,0
ND_Maria,,<EOS>,V0,0.01643964,5.9267,1,0
ND_Sin nombre,1,V0,<BOS>,0.57446809,0.7997,1,0
ND_Sin nombre,3,V0,V0,0.93705965,0.0938,1,0
ND_Sin nombre,5,V0,V0,0.93705965,0.0938,1,0
ND_Sin nombre,7,V0,V0,0.93705965,0.0938,1,0
ND_Sin nombre,9,V0,V0,0.93705965,0.0938,1,0
ND_Sin nombre,11,V0,V0,0.93705965,0.0938,1,0
ND_Sin nombre,13,V0,V0,0.93705965,0.0938,1,0
ND_Sin nombre,15,V0,V0,0.93705965,0.0938,1,0
ND_Sin nombre,,<EOS>,V0,0.01643964,5.9267,1,0
ND_Tara,1,V0,<BOS>,0.57446809,0.7997,1,0
ND_Tara,3,V0,V0,0.93705965,0.0938,1,0
ND_Tara,5,V0,V0,0.93705965,0.0938,1,0
ND_Tara,7,V0,V0,0.93705965,0.0938,1,0
ND_Tara,9,V0,V0,0.93705965,0.0938,1,0
ND_Tara,11,V0,V0,0.93705965,0.0938,1,0
ND_Tara,13,V0,V0,0.93705965,0.0938,1,0
ND_Tara,15,V0,V0,0.93705965,0.0938,1,0
ND_Tara,17,V0,V0,0.93705965,0.0938,1,0
ND_Tara,19,V0,V0,0.93705965,0.0938,1,0
ND_Tara,21,V0,V0,0.93705965,0.0938,1,0
ND_Tara,23,V0,V0,0.93705965,0.0938,1,0
ND_Tara,25,V0,V0,0.93705965,0.0938,1,0
ND_Tara,27,V0,V0,0.93705965,0.0938,1,0
ND_Tara,29,V0,V0,0.93705965,0.0938,1,0
ND_Tara,31,V0,V0,0.93705965,0.0938,1,0
ND_Tara,33,V0,V0,0.93705965,0.0938,1,0
ND_Tara,35,V0,V0,0.93705965,0.0938,1,0
ND_Tara,37,V0,V0,0.93705965,0.0938,1,0
ND_Tara,39,V0,V0,0.93705965,0.0938,1,0
ND_Tara,41,V0,V0,0.93705965,0.0938,1,0
ND_Tara,43,V0,V0,0.93705965,0.0938,1,0
ND_Tara,45,V0,V0,0.93705965,0.0938,1,0
ND_Tara,47,V0,V0,0.93705965,0.0938,1,0
ND_Tara,49,V0,V0,0.93705965,0.0938,1,0
ND_Tara,51,V0,V0,0.93705965,0.0938,1,0
ND_Tara,53,V0,V0,0.93705965,0.0938,1,0
ND_Tara,55,V0,V0,0.93705965,0.0938,1,0
ND_Tara,57,V0,V0,0.93705965,0.0938,1,0
ND_Tara,59,V0,V0,0.93705965,0.0938,1,0
ND_Tara,61,V0,V0,0.93705965,0.0938,1,0
ND_Tara,63,V0,V0,0.93705965,0.0938,1,0
ND_Tara,65,V0,V0,0.93705965,0.0938,1,0
ND_Tara,67,V0,V0,0.93705965,0.0938,1,0
ND_Tara,69,V0,V0,0.93705965,0.0938,1,0
ND_Tara,71,V0,V0,0.93705965,0.0938,1,0
ND_Tara,73,V0,V0,0.93705965,0.0938,1,0
ND_Tara,75,V0,V0,0.93705965,0.0938,1,0
ND_Tara,77,V0,V0,0.93705965,0.0938,1,0
ND_Tara,79,V0,V0,0.93705965,0.0938,1,0
ND_Tara,81,V0,V0,0.93705965,0.0938,1,0
ND_Tara,83,V0,V0,0.93705965,0.0938,1,0
ND_Tara,85,V0,V0,0.93705965,0.0938,1,0
ND_Tara,87,V0,V0,0.93705965,0.0938,1,0
ND_Tara,89,V0,V0,0.93705965,0.0938,1,0
ND_Tara,91,V0,V0,0.93705965,0.0938,1,0
ND_Tara,93,V0,V0,0.93705965,0.0938,1,0
ND_Tara,95,V0,V0,0.93705965,0.0938,1,0
ND_Tara,97,V0,V0,0.93705965,0.0938,1,0
ND_Tara,99,V0,V0,0.93705965,0.0938,1,0
ND_Tara,101,V0,V0,0.93705965,0.0938,1,0
ND_Tara,103,V0,V0,0.93705965,0.0938,1,0
ND_Tara,105,V0,V0,0.93705965,0.0938,1,0
ND_Tara,107,V0,V0,0.93705965,0.0938,1,0
ND_Tara,109,V0,V0,0.93705965,0.0938,1,0
ND_Tara,111,V0,V0,0.93705965,0.0938,1,0
ND_Tara,113,V0,V0,0.93705965,0.0938,1,0
ND_Tara,115,V0,V0,0.93705965,0.0938,1,0
ND_Tara,117,V0,V0,0.93705965,0.0938,1,0
ND_Tara,119,V0,V0,0.93705965,0.0938,1,0
ND_Tara,121,V0,V0,0.93705965,0.0938,1,0
ND_Tara,123,V0,V0,0.93705965,0.0938,1,0
ND_Tara,125,V0,V0,0.93705965,0.0938,1,0
ND_Tara,127,V0,V0,0.93705965,0.0938,1,0
ND_Tara,129,V0,V0,0.93705965,0.0938,1,0
ND_Tara,,<EOS>,V0,0.01643964,5.9267,1,0
ND_Renacimiento,1,V1,<BOS>,0.40425532,1.3067,1,0
ND_Renacimiento,3,V1,V1,0.74732334,0.4202,1,0
ND_Renacimiento,5,V0,V1,0.22912206,2.1258,1,0
ND_Renacimiento,7,V0,V0,0.93705965,0.0938,1,0
ND_Renacimiento,9,V0,V0,0.93705965,0.0938,1,0
ND_Renacimiento,11,V0,V0,0.93705965,0.0938,1,0
ND_Renacimiento,13,V0,V0,0.93705965,0.0938,1,0
ND_Renacimiento,15,V0,V0,0.93705965,0.0938,1,0
ND_Renacimiento,17,V0,V0,0.93705965,0.0938,1,0
ND_Renacimiento,19,V0,V0,0.93705965,0.0938,1,0
ND_Renacimiento,21,V0,V0,0.93705965,0.0938,1,0
ND_Renacimiento,23,V0,V0,0.93705965,0.0938,1,0
ND_Renacimiento,25,V0,V0,0.93705965,0.0938,1,0
ND_Renacimiento,27,V0,V0,0.93705965,0.0938,1,0
ND_Renacimiento,29,V0,V0,0.93705965,0.0938,1,0
ND_Renacimiento,31,V0,V0,0.93705965,0.0938,1,0
ND_Renacimiento,33,V0,V0,0.93705965,0.0938,1,0
ND_Renacimiento,35,V0,V0,0.93705965,0.0938,1,0
ND_Renacimiento,37,V0,V0,0.93705965,0.0938,1,0
ND_Renacimiento,39,V0,V0,0.93705965,0.0938,1,0
ND_Renacimiento,41,V0,V0,0.93705965,0.0938,1,0
ND_Renacimiento,43,V0,V0,0.93705965,0.0938,1,0
ND_Renacimiento,45,V0,V0,0.93705965,0.0938,1,0
ND_Renacimiento,47,V0,V0,0.93705965,0.0938,1,0
ND_Renacimiento,49,V0,V0,0.93705965,0.0938,1,0
ND_Renacimiento,51,V0,V0,0.93705965,0.0938,1,0
ND_Renacimiento,53,V0,V0,0.93705965,0.0938,1,0
ND_Renacimiento,55,V0,V0,0.93705965,0.0938,1,0
ND_Renacimiento,57,V0,V0,0.93705965,0.0938,1,0
ND_Renacimiento,59,V0,V0,0.93705965,0.0938,1,0
ND_Renacimiento,61,V0,V0,0.93705965,0.0938,1,0
ND_Renacimiento,,<EOS>,V0,0.01643964,5.9267,1,0
ND_Campesina,1,V0,<BOS>,0.57446809,0.7997,1,0
ND_Campesina,3,V1,V0,0.0465007,4.4266,1,0
ND_Campesina,5,V0,V1,0.22912206,2.1258,1,0
ND_Campesina,7,V0,V0,0.93705965,0.0938,1,0
ND_Campesina,9,V0,V0,0.93705965,0.0938,1,0
ND_Campesina,11,V0,V0,0.93705965,0.0938,1,0
ND_Campesina,13,V0,V0,0.93705965,0.0938,1,0
ND_Campesina,15,V0,V0,0.93705965,0.0938,1,0
ND_Campesina,17,V0,V0,0.93705965,0.0938,1,0
ND_Campesina,19,V0,V0,0.93705965,0.0938,1,0
ND_Campesina,21,V0,V0,0.93705965,0.0938,1,0
ND_Campesina,23,V0,V0,0.93705965,0.0938,1,0
ND_Campesina,25,V0,V0,0.93705965,0.0938,1,0
ND_Campesina,27,V0,V0,0.93705965,0.0938,1,0
ND_Campesina,29,V0,V0,0.93705965,0.0938,1,0
ND_Campesina,31,V0,V0,0.93705965,0.0938,1,0
ND_Campesina,1,V0,V0,0.93705965,0.0938,1,0
ND_Campesina,3,V0,V0,0.93705965,0.0938,1,0
ND_Campesina,5,V0,V0,0.93705965,0.0938,1,0
ND_Campesina,7,V1,V0,0.0465007,4.4266,1,0
ND_Campesina,9,V0,V1,0.22912206,2.1258,1,0
ND_Campesina,11,V0,V0,0.93705965,0.0938,1,0
ND_Campesina,13,V0,V0,0.93705965,0.0938,1,0
ND_Campesina,15,V0,V0,0.93705965,0.0938,1,0
ND_Campesina,17,V0,V0,0.93705965,0.0938,1,0
ND_Campesina,19,V0,V0,0.93705965,0.0938,1,0
ND_Campesina,21,V0,V0,0.93705965,0.0938,1,0
ND_Campesina,23,V0,V0,0.93705965,0.0938,1,0
ND_Campesina,25,V0,V0,0.93705965,0.0938,1,0
ND_Campesina,27,V0,V0,0.93705965,0.0938,1,0
ND_Campesina,,<EOS>,V0,0.01643964,5.9267,1,0
ND_Merche,1,V1,<BOS>,0.40425532,1.3067,1,0
ND_Merche,3,V0,V1,0.22912206,2.1258,1,0
ND_Merche,5,V0,V0,0.93705965,0.0938,1,0
ND_Merche,7,V0,V0,0.93705965,0.0938,1,0
ND_Merche,9,V0,V0,0.93705965,0.0938,1,0
ND_Merche,11,V0,V0,0.93705965,0.0938,1,0
ND_Merche,13,V0,V0,0.93705965,0.0938,1,0
ND_Merche,15,V0,V0,0.93705965,0.0938,1,0
ND_Merche,17,V0,V0,0.93705965,0.0938,1,0
ND_Merche,19,V0,V0,0.93705965,0.0938,1,0
ND_Merche,21,V0,V0,0.93705965,0.0938,1,0
ND_Merche,23,V0,V0,0.93705965,0.0938,1,0
ND_Merche,25,V0,V0,0.93705965,0.0938,1,0
ND_Merche,27,V0,V0,0.93705965,0.0938,1,0
ND_Merche,29,V0,V0,0.93705965,0.0938,1,0
ND_Merche,31,V0,V0,0.93705965,0.0938,1,0
ND_Merche,33,V0,V0,0.93705965,0.0938,1,0
ND_Merche,35,V0,V0,0.93705965,0.0938,1,0
ND_Merche,37,V0,V0,0.93705965,0.0938,1,0
ND_Merche,39,V0,V0,0.93705965,0.0938,1,0
ND_Merche,41,V0,V0,0.93705965,0.0938,1,0
ND_Merche,43,V0,V0,0.93705965,0.0938,1,0
ND_Merche,45,V0,V0,0.93705965,0.0938,1,0
ND_Merche,47,V0,V0,0.93705965,0.0938,1,0
ND_Merche,49,V0,V0,0.93705965,0.0938,1,0
ND_Merche,51,V0,V0,0.93705965,0.0938,1,0
ND_Merche,53,V0,V0,0.93705965,0.0938,1,0
ND_Merche,55,V0,V0,0.93705965,0.0938,1,0
ND_Merche,57,V0,V0,0.93705965,0.0938,1,0
ND_Merche,59,V0,V0,0.93705965,0.0938,1,0
ND_Merche,61,V0,V0,0.93705965,0.0938,1,0
ND_Merche,63,V0,V0,0.93705965,0.0938,1,0
ND_Merche,65,V0,V0,0.93705965,0.0938,1,0
ND_Merche,67,V0,V0,0.93705965,0.0938,1,0
ND_Merche,69,V0,V0,0.93705965,0.0938,1,0
ND_Merche,71,V0,V0,0.93705965,0.0938,1,0
ND_Merche,73,V0,V0,0.93705965,0.0938,1,0
ND_Merche,75,V0,V0,0.93705965,0.0938,1,0
ND_Merche,77,V1,V0,0.0465007,4.4266,1,0
ND_Merche,79,V0,V1,0.22912206,2.1258,1,0
ND_Merche,81,V1,V0,0.0465007,4.4266,1,0
ND_Merche,83,V0,V1,0.22912206,2.1258,1,0
ND_Merche,85,V0,V0,0.93705965,0.0938,1,0
ND_Merche,87,V0,V0,0.93705965,0.0938,1,0
ND_Merche,89,V0,V0,0.93705965,0.0938,1,0
ND_Merche,91,V1,V0,0.0465007,4.4266,1,0
ND_Merche,93,V0,V1,0.22912206,2.1258,1,0
ND_Merche,95,V0,V0,0.93705965,0.0938,1,0
ND_Merche,97,V0,V0,0.93705965,0.0938,1,0
ND_Merche,99,V0,V0,0.93705965,0.0938,1,0
ND_Merche,101,V0,V0,0.93705965,0.0938,1,0
ND_Merche,103,V0,V0,0.93705965,0.0938,1,0
ND_Merche,105,V0,V0,0.93705965,0.0938,1,0
ND_Merche,,<EOS>,V0,0.01643964,5.9267,1,0
ND_Dolores,3,V0,<BOS>,0.57446809,0.7997,1,0
ND_Dolores,5,V0,V0,0.93705965,0.0938,1,0
ND_Dolores,7,V0,V0,0.93705965,0.0938,1,0
ND_Dolores,9,V0,V0,0.93705965,0.0938,1,0
ND_Dolores,11,V0,V0,0.93705965,0.0938,1,0
ND_Dolores,13,V0,V0,0.93705965,0.0938,1,0
ND_Dolores,15,V0,V0,0.93705965,0.0938,1,0
ND_Dolores,17,V0,V0,0.93705965,0.0938,1,0
ND_Dolores,19,V0,V0,0.93705965,0.0938,1,0
ND_Dolores,21,V0,V0,0.93705965,0.0938,1,0
ND_Dolores,23,V0,V0,0.93705965,0.0938,1,0
ND_Dolores,25,V0,V0,0.93705965,0.0938,1,0
ND_Dolores,27,V0,V0,0.93705965,0.0938,1,0
ND_Dolores,29,V0,V0,0.93705965,0.0938,1,0
ND_Dolores,31,V0,V0,0.93705965,0.0938,1,0
ND_Dolores,33,V0,V0,0.93705965,0.0938,1,0
ND_Dolores,35,V0,V0,0.93705965,0.0938,1,0
ND_Dolores,37,V0,V0,0.93705965,0.0938,1,0
ND_Dolores,39,V0,V0,0.93705965,0.0938,1,0
ND_Dolores,41,V0,V0,0.93705965,0.0938,1,0
ND_Dolores,43,V0,V0,0.93705965,0.0938,1,0
ND_Dolores,45,V0,V0,0.93705965,0.0938,1,0
ND_Dolores,47,V0,V0,0.93705965,0.0938,1,0
ND_Dolores,49,V0,V0,0.93705965,0.0938,1,0
ND_Dolores,51,V0,V0,0.93705965,0.0938,1,0
ND_Dolores,53,V0,V0,0.93705965,0.0938,1,0
ND_Dolores,55,V0,V0,0.93705965,0.0938,1,0
ND_Dolores,57,V1,V0,0.0465007,4.4266,1,0
ND_Dolores,59,V0,V1,0.22912206,2.1258,1,0
ND_Dolores,61,V0,V0,0.93705965,0.0938,1,0
ND_Dolores,63,V0,V0,0.93705965,0.0938,1,0
ND_Dolores,65,V0,V0,0.93705965,0.0938,1,0
ND_Dolores,67,V0,V0,0.93705965,0.0938,1,0
ND_Dolores,69,V0,V0,0.93705965,0.0938,1,0
ND_Dolores,71,V0,V0,0.93705965,0.0938,1,0
ND_Dolores,73,V0,V0,0.93705965,0.0938,1,0
ND_Dolores,75,V0,V0,0.93705965,0.0938,1,0
ND_Dolores,77,V0,V0,0.93705965,0.0938,1,0
ND_Dolores,79,V0,V0,0.93705965,0.0938,1,0
ND_Dolores,81,V0,V0,0.93705965,0.0938,1,0
ND_Dolores,83,V0,V0,0.93705965,0.0938,1,0
ND_Dolores,1,V0,V0,0.93705965,0.0938,1,0
ND_Dolores,3,V0,V0,0.93705965,0.0938,1,0
ND_Dolores,5,V0,V0,0.93705965,0.0938,1,0
ND_Dolores,7,V0,V0,0.93705965,0.0938,1,0
ND_Dolores,9,V0,V0,0.93705965,0.0938,1,0
ND_Dolores,11,V0,V0,0.93705965,0.0938,1,0
ND_Dolores,13,V0,V0,0.93705965,0.0938,1,0
ND_Dolores,15,V0,V0,0.93705965,0.0938,1,0
ND_Dolores,17,V0,V0,0.93705965,0.0938,1,0
ND_Dolores,19,V0,V0,0.93705965,0.0938,1,0
ND_Dolores,21,V0,V0,0.93705965,0.0938,1,0
ND_Dolores,23,V0,V0,0.93705965,0.0938,1,0
ND_Dolores,25,V0,V0,0.93705965,0.0938,1,0
ND_Dolores,27,V0,V0,0.93705965,0.0938,1,0
ND_Dolores,29,V0,V0,0.93705965,0.0938,1,0
ND_Dolores,31,V0,V0,0.93705965,0.0938,1,0
ND_Dolores,33,V0,V0,0.93705965,0.0938,1,0
ND_Dolores,35,V0,V0,0.93705965,0.0938,1,0
ND_Dolores,37,V0,V0,0.93705965,0.0938,1,0
ND_Dolores,39,V0,V0,0.93705965,0.0938,1,0
ND_Dolores,41,V0,V0,0.93705965,0.0938,1,0
ND_Dolores,43,V0,V0,0.93705965,0.0938,1,0
ND_Dolores,45,V0,V0,0.93705965,0.0938,1,0
ND_Dolores,47,V0,V0,0.93705965,0.0938,1,0
ND_Dolores,49,V0,V0,0.93705965,0.0938,1,0
ND_Dolores,51,V0,V0,0.93705965,0.0938,1,0
ND_Dolores,53,V0,V0,0.93705965,0.0938,1,0
ND_Dolores,55,V0,V0,0.93705965,0.0938,1,0
ND_Dolores,57,V0,V0,0.93705965,0.0938,1,0
ND_Dolores,59,V0,V0,0.93705965,0.0938,1,0
ND_Dolores,61,V0,V0,0.93705965,0.0938,1,0
ND_Dolores,63,V0,V0,0.93705965,0.0938,1,0
ND_Dolores,65,V0,V0,0.93705965,0.0938,1,0
ND_Dolores,67,V0,V0,0.93705965,0.0938,1,0
ND_Dolores,69,V0,V0,0.93705965,0.0938,1,0
ND_Dolores,71,V0,V0,0.93705965,0.0938,1,0
ND_Dolores,73,V0,V0,0.93705965,0.0938,1,0
ND_Dolores,75,V0,V0,0.93705965,0.0938,1,0
ND_Dolores,77,V0,V0,0.93705965,0.0938,1,0
ND_Dolores,79,V1,V0,0.0465007,4.4266,1,0
ND_Dolores,5,V0,V1,0.22912206,2.1258,1,0
ND_Dolores,7,V0,V0,0.93705965,0.0938,1,0
ND_Dolores,9,V0,V0,0.93705965,0.0938,1,0
ND_Dolores,11,V0,V0,0.93705965,0.0938,1,0
ND_Dolores,13,V0,V0,0.93705965,0.0938,1,0
ND_Dolores,15,V0,V0,0.93705965,0.0938,1,0
ND_Dolores,17,V0,V0,0.93705965,0.0938,1,0
ND_Dolores,19,V0,V0,0.93705965,0.0938,1,0
ND_Dolores,21,V0,V0,0.93705965,0.0938,1,0
ND_Dolores,23,V0,V0,0.93705965,0.0938,1,0
ND_Dolores,25,V0,V0,0.93705965,0.0938,1,0
ND_Dolores,27,V0,V0,0.93705965,0.0938,1,0
ND_Dolores,29,V0,V0,0.93705965,0.0938,1,0
ND_Dolores,31,V0,V0,0.93705965,0.0938,1,0
ND_Dolores,33,V0,V0,0.93705965,0.0938,1,0
ND_Dolores,35,V0,V0,0.93705965,0.0938,1,0
ND_Dolores,37,V0,V0,0.93705965,0.0938,1,0
ND_Dolores,39,V0,V0,0.93705965,0.0938,1,0
ND_Dolores,45,V0,V0,0.93705965,0.0938,1,0
ND_Dolores,47,V0,V0,0.93705965,0.0938,1,0
ND_Dolores,49,V0,V0,0.93705965,0.0938,1,0
ND_Dolores,51,V1,V0,0.0465007,4.4266,1,0
ND_Dolores,53,V0,V1,0.22912206,2.1258,1,0
ND_Dolores,55,V0,V0,0.93705965,0.0938,1,0
ND_Dolores,57,V0,V0,0.93705965,0.0938,1,0
ND_Dolores,,<EOS>,V0,0.01643964,5.9267,1,0
ND_Chechee,1,V1,<BOS>,0.40425532,1.3067,1,0
ND_Chechee,3,V0,V1,0.22912206,2.1258,1,0
ND_Chechee,5,V0,V0,0.93705965,0.0938,1,0
ND_Chechee,7,V0,V0,0.93705965,0.0938,1,0
ND_Chechee,9,V0,V0,0.93705965,0.0938,1,0
ND_Chechee,11,V0,V0,0.93705965,0.0938,1,0
ND_Chechee,13,V0,V0,0.93705965,0.0938,1,0
ND_Chechee,15,V0,V0,0.93705965,0.0938,1,0
ND_Chechee,17,V0,V0,0.93705965,0.0938,1,0
ND_Chechee,19,V0,V0,0.93705965,0.0938,1,0
ND_Chechee,21,V0,V0,0.93705965,0.0938,1,0
ND_Chechee,23,V0,V0,0.93705965,0.0938,1,0
ND_Chechee,25,V0,V0,0.93705965,0.0938,1,0
ND_Chechee,27,V0,V0,0.93705965,0.0938,1,0
ND_Chechee,29,V0,V0,0.93705965,0.0938,1,0
ND_Chechee,31,V0,V0,0.93705965,0.0938,1,0
ND_Chechee,33,V0,V0,0.93705965,0.0938,1,0
ND_Chechee,35,V0,V0,0.93705965,0.0938,1,0
ND_Chechee,37,V0,V0,0.93705965,0.0938,1,0
ND_Chechee,39,V0,V0,0.93705965,0.0938,1,0
ND_Chechee,41,V0,V0,0.93705965,0.0938,1,0
ND_Chechee,43,V0,V0,0.93705965,0.0938,1,0
ND_Chechee,45,V0,V0,0.93705965,0.0938,1,0
ND_Chechee,47,V0,V0,0.93705965,0.0938,1,0
ND_Chechee,49,V0,V0,0.93705965,0.0938,1,0
ND_Chechee,51,V0,V0,0.93705965,0.0938,1,0
ND_Chechee,53,V0,V0,0.93705965,0.0938,1,0
ND_Chechee,55,V0,V0,0.93705965,0.0938,1,0
ND_Chechee,57,V0,V0,0.93705965,0.0938,1,0
ND_Chechee,59,V0,V0,0.93705965,0.0938,1,0
ND_Chechee,61,V0,V0,0.93705965,0.0938,1,0
ND_Chechee,63,V0,V0,0.93705965,0.0938,1,0
ND_Chechee,65,V0,V0,0.93705965,0.0938,1,0
ND_Chechee,67,V0,V0,0.93705965,0.0938,1,0
ND_Chechee,69,V0,V0,0.93705965,0.0938,1,0
ND_Chechee,71,V0,V0,0.93705965,0.0938,1,0
ND_Chechee,73,V0,V0,0.93705965,0.0938,1,0
ND_Chechee,75,V0,V0,0.93705965,0.0938,1,0
ND_Chechee,82,V0,V0,0.93705965,0.0938,1,0
ND_Chechee,84,V0,V0,0.93705965,0.0938,1,0
ND_Chechee,86,V0,V0,0.93705965,0.0938,1,0
ND_Chechee,88,V0,V0,0.93705965,0.0938,1,0
ND_Chechee,90,V0,V0,0.93705965,0.0938,1,0
ND_Chechee,92,V0,V0,0.93705965,0.0938,1,0
ND_Chechee,94,V0,V0,0.93705965,0.0938,1,0
ND_Chechee,96,V0,V0,0.93705965,0.0938,1,0
ND_Chechee,98,V0,V0,0.93705965,0.0938,1,0
ND_Chechee,100,V0,V0,0.93705965,0.0938,1,0
ND_Chechee,102,V0,V0,0.93705965,0.0938,1,0
ND_Chechee,104,V0,V0,0.93705965,0.0938,1,0
ND_Chechee,106,V0,V0,0.93705965,0.0938,1,0
ND_Chechee,108,V0,V0,0.93705965,0.0938,1,0
ND_Chechee,110,V0,V0,0.93705965,0.0938,1,0
ND_Chechee,112,V0,V0,0.93705965,0.0938,1,0
ND_Chechee,114,V0,V0,0.93705965,0.0938,1,0
ND_Chechee,,<EOS>,V0,0.01643964,5.9267,1,0
ND_Vilno (Hijo),1,V0,<BOS>,0.57446809,0.7997,1,0
ND_Vilno (Hijo),3,V0,V0,0.93705965,0.0938,1,0
ND_Vilno (Hijo),5,V0,V0,0.93705965,0.0938,1,0
ND_Vilno (Hijo),7,V0,V0,0.93705965,0.0938,1,0
ND_Vilno (Hijo),9,V0,V0,0.93705965,0.0938,1,0
ND_Vilno (Hijo),11,V0,V0,0.93705965,0.0938,1,0
ND_Vilno (Hijo),13,V0,V0,0.93705965,0.0938,1,0
ND_Vilno (Hijo),15,V0,V0,0.93705965,0.0938,1,0
ND_Vilno (Hijo),17,V0,V0,0.93705965,0.0938,1,0
ND_Vilno (Hijo),19,V0,V0,0.93705965,0.0938,1,0
ND_Vilno (Hijo),21,V0,V0,0.93705965,0.0938,1,0
ND_Vilno (Hijo),23,V0,V0,0.93705965,0.0938,1,0
ND_Vilno (Hijo),25,V0,V0,0.93705965,0.0938,1,0
ND_Vilno (Hijo),27,V0,V0,0.93705965,0.0938,1,0
ND_Vilno (Hijo),29,V0,V0,0.93705965,0.0938,1,0
ND_Vilno (Hijo),31,V0,V0,0.93705965,0.0938,1,0
ND_Vilno (Hijo),33,V0,V0,0.93705965,0.0938,1,0
ND_Vilno (Hijo),35,V0,V0,0.93705965,0.0938,1,0
ND_Vilno (Hijo),39,V0,V0,0.93705965,0.0938,1,0
ND_Vilno (Hijo),41,V0,V0,0.93705965,0.0938,1,0
ND_Vilno (Hijo),37,V0,V0,0.93705965,0.0938,1,0
ND_Vilno (Hijo),43,V0,V0,0.93705965,0.0938,1,0
ND_Vilno (Hijo),45,V0,V0,0.93705965,0.0938,1,0
ND_Vilno (Hijo),47,V0,V0,0.93705965,0.0938,1,0
ND_Vilno (Hijo),49,V0,V0,0.93705965,0.0938,1,0
ND_Vilno (Hijo),51,V0,V0,0.93705965,0.0938,1,0
ND_Vilno (Hijo),53,V0,V0,0.93705965,0.0938,1,0
ND_Vilno (Hijo),55,V0,V0,0.93705965,0.0938,1,0
ND_Vilno (Hijo),57,V0,V0,0.93705965,0.0938,1,0
ND_Vilno (Hijo),59,V0,V0,0.93705965,0.0938,1,0
ND_Vilno (Hijo),61,V0,V0,0.93705965,0.0938,1,0
ND_Vilno (Hijo),63,V0,V0,0.93705965,0.0938,1,0
ND_Vilno (Hijo),65,V0,V0,0.93705965,0.0938,1,0
ND_Vilno (Hijo),67,V0,V0,0.93705965,0.0938,1,0
ND_Vilno (Hijo),69,V0,V0,0.93705965,0.0938,1,0
ND_Vilno (Hijo),71,V0,V0,0.93705965,0.0938,1,0
ND_Vilno (Hijo),73,V0,V0,0.93705965,0.0938,1,0
ND_Vilno (Hijo),75,V0,V0,0.93705965,0.0938,1,0
ND_Vilno (Hijo),77,V0,V0,0.93705965,0.0938,1,0
ND_Vilno (Hijo),79,V0,V0,0.93705965,0.0938,1,0
ND_Vilno (Hijo),81,V0,V0,0.93705965,0.0938,1,0
ND_Vilno (Hijo),83,V0,V0,0.93705965,0.0938,1,0
ND_Vilno (Hijo),85,V0,V0,0.93705965,0.0938,1,0
ND_Vilno (Hijo),87,V0,V0,0.93705965,0.0938,1,0
ND_Vilno (Hijo),89,V0,V0,0.93705965,0.0938,1,0
ND_Vilno (Hijo),91,V0,V0,0.93705965,0.0938,1,0
ND_Vilno (Hijo),93,V0,V0,0.93705965,0.0938,1,0
ND_Vilno (Hijo),95,V0,V0,0.93705965,0.0938,1,0
ND_Vilno (Hijo),97,V0,V0,0.93705965,0.0938,1,0
ND_Vilno (Hijo),99,V0,V0,0.93705965,0.0938,1,0
ND_Vilno (Hijo),101,V0,V0,0.93705965,0.0938,1,0
ND_Vilno (Hijo),103,V0,V0,0.93705965,0.0938,1,0
ND_Vilno (Hijo),105,V0,V0,0.93705965,0.0938,1,0
ND_Vilno (Hijo),107,V0,V0,0.93705965,0.0938,1,0
ND_Vilno (Hijo),109,V0,V0,0.93705965,0.0938,1,0
ND_Vilno (Hijo),111,V0,V0,0.93705965,0.0938,1,0
ND_Vilno (Hijo),113,V0,V0,0.93705965,0.0938,1,0
ND_Vilno (Hijo),115,V0,V0,0.93705965,0.0938,1,0
ND_Vilno (Hijo),117,V0,V0,0.93705965,0.0938,1,0
ND_Vilno (Hijo),119,V0,V0,0.93705965,0.0938,1,0
ND_Vilno (Hijo),121,V0,V0,0.93705965,0.0938,1,0
ND_Vilno (Hijo),123,V0,V0,0.93705965,0.0938,1,0
ND_Vilno (Hijo),125,V0,V0,0.93705965,0.0938,1,0
ND_Vilno (Hijo),127,V0,V0,0.93705965,0.0938,1,0
ND_Vilno (Hijo),129,V0,V0,0.93705965,0.0938,1,0
ND_Vilno (Hijo),131,V0,V0,0.93705965,0.0938,1,0
ND_Vilno (Hijo),133,V0,V0,0.93705965,0.0938,1,0
ND_Vilno (Hijo),135,V0,V0,0.93705965,0.0938,1,0
ND_Vilno (Hijo),137,V0,V0,0.93705965,0.0938,1,0
ND_Vilno (Hijo),139,V0,V0,0.93705965,0.0938,1,0
ND_Vilno (Hijo),141,V0,V0,0.93705965,0.0938,1,0
ND_Vilno (Hijo),143,V0,V0,0.93705965,0.0938,1,0
ND_Vilno (Hijo),145,V0,V0,0.93705965,0.0938,1,0
ND_Vilno (Hijo),147,V0,V0,0.93705965,0.0938,1,0
ND_Vilno (Hijo),149,V0,V0,0.93705965,0.0938,1,0
ND_Vilno (Hijo),,<EOS>,V0,0.01643964,5.9267,1,0
